subject,session,datetime,charging,charging_label,duration_s,n_bursts,n_pulses,n_detected,detect_rate_pct,rest_end_s,isi_mean_ms,isi_std_ms,isi_cv_pct,burst_period_mean_ms,burst_period_std_ms,mwave_ref_p2p,mwave_p2p_pct_change,vol_mdf_slope_hz_per_s,vol_mdf_pct_change
subject_1780674970583,raw_20260716_223030,2026-07-16T22:30:30,1,charging,247.4,153,3060,1836,60.0,15.0,32.955,9.446,28.664,1004.854,620.824,421.79,-10.0,-0.0712,-18.6
subject_1780674970583,raw_20260717_141940,2026-07-17T14:19:40,1,charging,899.7,556,11120,10997,98.9,14.8,31.419,2.874,9.147,1618.894,25.076,378.75,-60.5,-0.0611,-40.5
subject_1780674970583,raw_20260717_144215,2026-07-17T14:42:15,1,charging,902.1,558,11160,4575,41.0,14.9,36.627,17.389,47.475,529.608,452.3,848.07,-26.3,0.0086,10.5
subject_1780674970583,raw_20260717_151419,2026-07-17T15:14:19,1,charging,130.8,81,1620,1014,62.6,14.8,39.186,20.083,51.25,1028.103,644.987,560.22,-10.6,-0.1325,-16.7
subject_1780674970583,raw_20260717_152153,2026-07-17T15:21:53,1,charging,766.0,458,9160,3153,34.4,14.9,43.984,22.653,51.502,1158.474,742.253,122.29,0.9,0.0091,7.6
subject_1780674970583,raw_20260717_160639,2026-07-17T16:06:39,1,charging,738.0,457,9140,5432,59.4,14.91,35.897,14.493,40.374,995.71,623.182,136.01,8.5,0.0949,66.0
subject_1780674970583,raw_20260720_200306,2026-07-20T20:03:06,1,charging,779.3,482,9640,2609,27.1,14.8,43.463,21.273,48.944,601.936,493.296,736.74,-19.9,-0.0023,-1.9
subject_1780674970583,raw_20260720_202248,2026-07-20T20:22:48,1,charging,752.5,465,9300,9298,100.0,14.8,31.142,1.882,6.044,1618.69,1.984,546.63,-2.8,-0.2271,-31.5
subject_1780674970583,raw_20260721_102627,2026-07-21T10:26:27,0,not_charging,788.2,486,9720,3849,39.6,14.9,43.671,20.085,45.993,654.938,558.052,518.97,29.5,-0.0064,-5.3
subject_1784219707826,raw_20260717_013937,2026-07-17T01:39:37,1,charging,21.1,11,220,168,76.4,15.0,34.083,12.097,35.492,1428.636,441.523,760.65,,,
subject_1784219707826,raw_20260717_021109,2026-07-17T02:11:09,1,charging,353.7,218,4360,3386,77.7,15.0,31.437,4.209,13.389,1416.573,449.988,347.55,-15.6,-0.172,-32.0
subject_1784219707826,raw_20260717_023422,2026-07-17T02:34:22,1,charging,232.4,102,2040,695,34.1,15.0,32.526,7.934,24.393,1725.878,1548.944,478.14,-62.1,-0.3229,-47.5
subject_1784219707826,raw_20260717_140152,2026-07-17T14:01:52,1,charging,139.5,13,260,14,5.4,14.91,31.0,0.0,0.0,8363.917,3957.727,11.8,-3.1,0.1706,7.0
subject_1784219707826,raw_20260717_153854,2026-07-17T15:38:54,1,charging,19.8,13,260,145,55.8,14.9,32.016,5.069,15.831,923.952,659.59,307.89,,,
subject_1784219707826,raw_20260717_154641,2026-07-17T15:46:41,1,charging,442.6,274,5480,2647,48.3,14.91,35.342,13.882,39.279,894.494,559.339,909.06,-8.1,0.0097,4.5
subject_1784219707826,raw_20260720_190928,2026-07-20T19:09:28,1,charging,716.2,442,8840,6738,76.2,14.91,34.773,13.385,38.492,1053.441,608.936,651.37,-10.1,-0.135,-43.5
subject_1784219707826,raw_20260720_212941,2026-07-20T21:29:41,1,charging,707.9,438,8760,8739,99.8,14.9,31.135,0.684,2.196,1616.773,26.762,549.46,28.0,-0.0,0.0
subject_1784225910998,raw_20260717_033307,2026-07-17T03:33:07,1,charging,-246.6,184,3680,3680,100.0,15.1,31.326,1.378,4.399,1621.88,1.038,682.33,-32.0,0.0587,6.9
subject_1784225910998,raw_20260717_042118,2026-07-17T04:21:18,1,charging,595.7,368,7360,7356,99.9,14.9,31.184,0.388,1.243,1620.736,6.578,655.36,-37.7,-0.0061,-3.1
subject_1784225910998,raw_20260717_134134,2026-07-17T13:41:34,1,charging,252.1,153,3060,2073,67.7,14.9,33.971,11.556,34.018,1044.603,653.463,664.69,51.0,-0.2344,-25.5
subject_1784225910998,raw_20260717_135747,2026-07-17T13:57:47,1,charging,17.1,9,180,99,55.0,14.8,39.881,17.396,43.619,905.357,611.295,679.39,,,
subject_1784225910998,raw_20260717_135910,2026-07-17T13:59:10,1,charging,16.9,10,200,42,21.0,14.8,38.75,19.874,51.288,1164.692,508.392,1179.88,,,
subject_1784225910998,raw_20260720_204055,2026-07-20T20:40:55,1,charging,207.2,129,2580,173,6.7,14.91,78.0,16.0,20.513,1215.671,582.945,815.63,-30.9,0.0018,0.8
subject_1784225910998,raw_20260720_205148,2026-07-20T20:51:48,1,charging,966.5,598,11960,4262,35.6,14.9,35.854,14.404,40.173,801.598,595.259,559.14,11.0,-0.0781,-42.5
subject_1784225910998,raw_20260720_220754,2026-07-20T22:07:54,1,charging,769.5,476,9520,7948,83.5,14.9,32.56,8.154,25.043,1180.201,546.506,1005.51,-32.1,0.0206,20.0
subject_1784256238303,raw_20260721_000225,2026-07-21T00:02:25,1,charging,784.8,486,9720,766,7.9,14.8,38.576,17.747,46.006,1349.861,492.972,881.76,-36.0,-0.0004,-0.2
subject_1784256238303,raw_20260721_002130,2026-07-21T00:21:30,1,charging,840.0,520,10400,10271,98.8,14.9,31.234,3.193,10.223,1581.565,190.828,421.05,-0.0,-0.0115,-2.2
subject_1784256238303,raw_20260721_020310,2026-07-21T02:03:10,1,charging,837.1,517,10340,9547,92.3,14.8,33.391,9.832,29.445,1524.175,309.519,827.41,-25.0,0.0143,4.0
subject_1784256238303,raw_20260721_024558,2026-07-21T02:45:58,1,charging,364.6,35,700,633,90.4,14.7,33.196,7.932,23.894,10301.257,50884.334,617.54,-42.0,-0.3574,-8.5
subject_1784256238303,raw_20260721_025259,2026-07-21T02:52:59,1,charging,829.8,512,10240,9888,96.6,14.9,32.145,6.26,19.475,1617.627,71.355,495.19,6.2,-0.0303,-4.8
subject_1784256238303,raw_20260721_033348,2026-07-21T03:33:48,1,charging,18.5,8,160,127,79.4,14.8,35.696,13.658,38.262,1032.182,608.044,642.71,,,
subject_1784256238303,raw_20260721_034035,2026-07-21T03:40:35,1,charging,190.9,62,1240,900,72.6,14.9,39.233,16.724,42.626,2265.737,5899.336,395.08,426.8,0.4414,49.5
subject_1784598047019,raw_20260721_104116,2026-07-21T10:41:16,0,not_charging,138.8,51,1020,207,20.3,14.8,44.386,20.952,47.204,863.439,1687.593,591.99,-64.9,0.3302,62.5
subject_1784598047019,raw_20260721_104452,2026-07-21T10:44:52,0,not_charging,764.5,413,8260,7704,93.3,14.91,32.338,7.028,21.734,1702.326,2288.069,417.54,63.4,-0.0441,-20.5
subject_1784598047019,raw_20260721_131302,2026-07-21T13:13:02,0,not_charging,788.2,487,9740,7582,77.8,14.9,36.296,13.985,38.53,1294.863,551.386,39.18,113.5,0.0852,64.8
