Time_ms,Stim_Index,Sample_Index,Drift_ms,Spike,P2P,Area,R,Valid,Sat_Win,Sat_Spike,MCU_State,Level,Marker,Samples
17606,1,17605,1.0,1498,1242,8602,5.7423,1,0,0,RUNNING,0,,1426;1179;1032;870;743;622;536;473;403;342;299;266;227;184
18536,2,18535,1.0,1224,1033,4257,3.4779,1,0,0,RUNNING,0,,-1009;-761;-552;-356;-209;-113;19;24;-91;-312;-343;-289;-155;24
18806,3,18805,1.0,1711,1039,23065,13.4804,1,1,0,RUNNING,0,,-1793;-1912;-1912;-1912;-1912;-1912;-1912;-1912;-1845;-1578;-1378;-1179;-1035;-873
19009,4,19008,1.0,2183,4095,25762,11.8012,1,1,1,RUNNING,0,,2183;2183;2183;2183;2183;2183;2004;1585;1301;1097;941;-1912;-1912;-1912
19119,5,19118,1.0,2183,1552,22909,10.4943,1,1,1,RUNNING,0,,2183;2183;2183;2183;2183;2183;2183;1736;1416;1205;1032;873;735;631
19386,6,19385,1.0,845,2296,10789,12.7680,1,1,0,RUNNING,0,,72;-912;102;125;-2;-184;226;-1096;-38;384;-1912;-1912;-1912;-1912
19583,7,19582,1.0,2183,1594,21992,10.0742,1,1,1,RUNNING,0,,2183;2183;2183;2183;2183;2183;1944;1560;1294;1091;931;798;687;589
19837,8,19836,1.0,1102,77,569,0.5163,0,0,0,RUNNING,0,,90;83;70;57;51;42;37;29;24;24;19;17;13;13
19871,9,19870,1.0,826,78,465,0.5630,0,0,0,RUNNING,0,,79;71;61;51;41;35;28;27;23;21;15;9;3;1
19903,10,19902,1.0,1064,123,706,0.6635,1,0,0,RUNNING,0,,131;113;94;83;60;53;42;33;25;24;19;13;8;8
19937,11,19936,1.0,1305,99,633,0.4851,1,0,0,RUNNING,0,,110;91;82;70;57;45;35;27;24;21;23;19;18;11
20153,12,20152,1.0,971,90,658,0.6777,1,0,0,RUNNING,0,,105;89;75;65;59;52;44;39;30;24;24;19;18;15
20398,13,20397,1.0,539,527,1338,2.4824,1,0,0,RUNNING,0,,150;144;119;101;87;74;61;56;46;40;32;27;24;-377
20430,14,20429,1.0,1025,1156,3398,3.3151,1,0,0,RUNNING,0,,-748;187;408;363;312;264;225;196;167;146;118;103;88;73
20463,15,20462,1.0,1138,1527,4546,3.9947,1,0,0,RUNNING,0,,-1032;-296;495;479;410;351;303;258;219;191;162;135;116;99
20496,16,20495,1.0,1187,1748,5454,4.5948,1,0,0,RUNNING,0,,-1189;-669;410;559;487;414;356;306;262;223;190;155;127;107
20530,17,20529,1.0,1118,1346,4012,3.5886,1,0,0,RUNNING,0,,-843;169;503;442;378;323;280;239;200;178;152;122;101;82
20564,18,20563,1.0,836,384,2135,2.5538,1,0,0,RUNNING,0,,-43;341;310;264;223;195;167;143;110;92;78;66;56;47
20597,19,20596,1.0,671,480,1691,2.5201,1,0,0,RUNNING,0,,-254;226;218;187;163;127;106;88;74;53;59;54;45;37
20631,20,20630,1.0,565,138,1082,1.9150,1,0,0,RUNNING,0,,151;162;135;114;93;81;68;57;51;45;39;35;27;24
20664,21,20663,1.0,507,113,854,1.6844,1,0,0,RUNNING,0,,24;134;117;99;87;76;65;56;49;39;35;27;25;21
20698,22,20697,1.0,581,146,1133,1.9501,1,0,0,RUNNING,0,,170;165;145;119;99;85;73;62;55;41;38;32;25;24
20731,23,20730,1.0,618,164,1295,2.0955,1,0,0,RUNNING,0,,150;191;167;145;118;101;87;73;62;56;45;40;33;27
20764,24,20763,1.0,645,256,1387,2.1504,1,0,0,RUNNING,0,,-40;216;197;169;146;120;103;88;72;62;55;47;41;31
20797,25,20796,1.0,715,632,1971,2.7566,1,0,0,RUNNING,0,,-398;222;234;202;173;149;120;104;88;76;62;56;49;38
20830,26,20829,1.0,781,938,2418,3.0960,1,0,0,RUNNING,0,,-658;122;280;247;209;183;152;125;110;90;77;67;56;42
20864,27,20863,1.0,801,496,2092,2.6117,1,0,0,RUNNING,0,,-194;302;280;243;206;177;152;123;107;83;71;57;50;47
20897,28,20896,1.0,833,822,2473,2.9688,1,0,0,RUNNING,0,,-523;253;299;258;218;184;152;126;106;90;83;71;59;51
20930,29,20929,1.0,839,1037,2619,3.1216,1,0,0,RUNNING,0,,-727;82;310;268;229;194;166;142;118;103;88;73;63;56
20964,30,20963,1.0,808,516,2096,2.5941,1,0,0,RUNNING,0,,-234;282;270;232;198;167;151;125;104;88;75;66;55;49
20997,31,20996,1.0,725,689,2018,2.7834,1,0,0,RUNNING,0,,-456;218;233;201;170;150;120;103;88;73;63;56;47;40
21031,32,21030,1.0,449,110,883,1.9666,1,0,0,RUNNING,0,,94;132;115;98;82;71;60;53;43;37;29;24;23;22
21107,33,21106,1.0,529,894,1066,2.0151,1,0,0,RUNNING,0,,42;38;28;24;20;15;11;7;5;5;2;9;8;-852
21155,34,21154,1.0,556,96,658,1.1835,1,0,0,RUNNING,0,,109;90;82;67;56;51;42;34;29;25;23;22;15;13
21189,35,21188,1.0,678,90,621,0.9159,1,0,0,RUNNING,0,,103;88;73;61;56;45;41;34;27;24;22;19;15;13
21222,36,21221,1.0,1270,96,613,0.4827,1,0,0,RUNNING,0,,103;90;78;65;56;49;40;34;27;24;22;10;8;7
21274,37,21273,1.0,696,876,1149,1.6509,1,0,0,RUNNING,0,,56;47;39;36;29;24;23;18;17;13;10;9;8;-820
21322,38,21321,1.0,586,92,620,1.0580,1,0,0,RUNNING,0,,103;88;73;59;54;40;42;35;29;25;23;23;15;11
21356,39,21355,1.0,467,79,576,1.2334,0,0,0,RUNNING,0,,90;76;72;61;54;45;34;31;25;24;21;17;15;11
21389,40,21388,1.0,1033,90,629,0.6089,1,0,0,RUNNING,0,,103;88;75;65;56;47;39;33;28;24;24;19;15;13
21422,41,21421,1.0,681,93,675,0.9912,1,0,0,RUNNING,0,,106;94;83;71;59;51;43;38;31;25;23;19;19;13
21474,42,21473,1.0,650,1084,1339,2.0600,1,0,0,RUNNING,0,,47;40;35;34;26;24;21;19;14;11;13;9;9;-1037
21522,43,21521,1.0,702,100,653,0.9302,1,0,0,RUNNING,0,,107;95;83;70;58;53;43;37;29;25;24;13;9;7
21556,44,21555,1.0,639,92,590,0.9233,1,0,0,RUNNING,0,,103;88;74;63;55;49;41;25;22;18;11;15;14;12
21589,45,21588,1.0,999,94,604,0.6046,1,0,0,RUNNING,0,,107;88;77;63;52;41;34;26;23;24;23;18;15;13
21656,46,21655,1.0,709,81,597,0.8420,1,0,0,RUNNING,0,,92;78;74;62;55;47;39;34;27;24;21;18;15;11
21689,47,21688,1.0,1401,92,646,0.4611,1,0,0,RUNNING,0,,106;91;81;67;56;47;38;35;27;24;23;21;16;14
21722,48,21721,1.0,746,92,664,0.8901,1,0,0,RUNNING,0,,105;95;81;71;59;51;40;37;30;25;23;19;15;13
21756,49,21755,1.0,628,87,620,0.9873,1,0,0,RUNNING,0,,100;88;75;63;56;45;40;34;27;24;22;18;15;13
21789,50,21788,1.0,663,91,636,0.9593,1,0,0,RUNNING,0,,105;89;77;67;56;47;40;33;26;24;21;19;18;14
21841,51,21840,1.0,661,429,683,1.0333,1,0,0,RUNNING,0,,52;43;38;30;26;22;22;18;14;12;10;11;8;-377
21874,52,21873,1.0,545,550,865,1.5872,1,0,0,RUNNING,0,,62;56;46;38;34;26;24;23;19;15;13;11;10;-488
21956,53,21955,1.0,1218,85,622,0.5107,1,0,0,RUNNING,0,,98;89;76;65;56;46;42;33;28;24;21;18;13;13
21989,54,21988,1.0,1109,95,675,0.6087,1,0,0,RUNNING,0,,109;95;82;71;57;53;42;38;29;25;24;19;17;14
22041,55,22040,1.0,590,1073,1309,2.2186,1,0,0,RUNNING,0,,57;51;33;26;24;19;15;19;9;14;9;9;8;-1016
22074,56,22073,1.0,761,905,1192,1.5664,1,0,0,RUNNING,0,,56;51;40;31;25;29;24;20;19;16;12;11;9;-849
22156,57,22155,1.0,1406,97,607,0.4317,1,0,0,RUNNING,0,,105;93;79;69;56;49;39;26;23;19;14;8;14;13
22189,58,22188,1.0,1021,98,645,0.6317,1,0,0,RUNNING,0,,110;97;85;70;54;42;35;30;26;25;21;21;17;12
22223,59,22222,1.0,413,84,599,1.4504,1,0,0,RUNNING,0,,97;83;70;62;54;46;38;33;26;24;21;18;14;13
22256,60,22255,1.0,1185,86,621,0.5241,1,0,0,RUNNING,0,,100;83;71;63;56;49;40;36;27;24;22;19;17;14
22322,61,22321,1.0,555,106,735,1.3243,1,0,0,RUNNING,0,,120;104;88;74;66;56;45;41;32;29;24;24;18;14
22355,62,22354,1.0,449,102,745,1.6592,1,0,0,RUNNING,0,,117;107;88;78;65;56;49;39;34;29;25;23;20;15
22422,63,22421,1.0,1564,109,690,0.4412,1,0,0,RUNNING,0,,117;103;87;73;62;54;46;39;31;27;24;11;8;8
22508,64,22507,1.0,675,575,833,1.2341,1,0,0,RUNNING,0,,54;46;38;31;25;24;21;17;15;13;10;10;8;-521
22556,65,22555,1.0,1429,85,625,0.4374,1,0,0,RUNNING,0,,99;86;81;57;56;47;43;34;27;24;23;19;15;14
22622,66,22621,1.0,1230,104,720,0.5854,1,0,0,RUNNING,0,,118;101;88;73;63;55;46;39;31;26;24;23;19;14
22656,67,22655,1.0,503,92,658,1.3082,1,0,0,RUNNING,0,,105;93;82;71;57;51;41;37;27;24;21;19;17;13
22689,68,22688,1.0,922,102,697,0.7560,1,0,0,RUNNING,0,,115;99;85;71;63;56;43;38;31;26;22;20;15;13
22723,69,22722,1.0,1320,98,614,0.4652,1,0,0,RUNNING,0,,105;90;79;68;57;50;41;35;27;24;13;10;8;7
22790,70,22789,1.0,489,91,578,1.1820,1,0,0,RUNNING,0,,103;88;72;55;46;38;31;33;25;23;21;17;14;12
22822,71,22821,1.0,1343,110,710,0.5287,1,0,0,RUNNING,0,,125;101;85;71;59;47;46;39;35;25;24;20;18;15
22855,72,22854,1.0,1239,107,783,0.6320,1,0,0,RUNNING,0,,121;110;88;85;72;59;53;43;37;33;26;23;19;14
22888,73,22887,1.0,1429,133,926,0.6480,1,0,0,RUNNING,0,,152;131;114;94;80;70;58;51;41;39;28;25;24;19
22922,74,22921,1.0,643,123,834,1.2970,1,0,0,RUNNING,0,,142;118;99;86;73;59;54;45;38;31;25;22;23;19
22955,75,22954,1.0,1912,126,879,0.4597,1,0,1,RUNNING,0,,147;125;105;88;77;66;56;47;40;34;27;24;22;21
23022,76,23021,1.0,733,138,829,1.1310,1,0,0,RUNNING,0,,147;120;102;88;75;63;55;45;37;31;28;15;14;9
23055,77,23054,1.0,1912,138,831,0.4346,1,0,1,RUNNING,0,,146;124;106;88;75;63;56;47;34;24;23;18;8;19
23122,78,23121,1.0,918,127,791,0.8617,1,0,0,RUNNING,0,,142;114;91;78;67;53;51;44;36;31;27;24;18;15
23155,79,23154,1.0,1831,127,857,0.4681,1,0,0,RUNNING,0,,142;120;98;89;73;67;56;49;39;34;27;25;23;15
23222,80,23221,1.0,896,127,861,0.9609,1,0,0,RUNNING,0,,146;120;103;88;73;64;56;45;39;35;25;24;24;19
23255,81,23254,1.0,1475,127,880,0.5966,1,0,0,RUNNING,0,,146;125;107;90;75;65;56;49;42;34;26;25;21;19
23322,82,23321,1.0,1339,135,832,0.6214,1,0,0,RUNNING,0,,144;120;102;88;74;63;55;47;39;31;29;18;13;9
23355,83,23354,1.0,1496,136,856,0.5722,1,0,0,RUNNING,0,,149;129;107;91;79;70;57;41;34;26;23;18;13;19
23422,84,23421,1.0,1539,125,812,0.5276,1,0,0,RUNNING,0,,143;111;95;78;67;62;53;45;37;30;26;24;23;18
23455,85,23454,1.0,1064,116,877,0.8242,1,0,0,RUNNING,0,,135;122;99;91;78;68;56;53;42;37;29;25;23;19
23522,86,23521,1.0,1495,135,865,0.5786,1,0,0,RUNNING,0,,150;122;102;88;75;62;56;49;39;34;25;25;23;15
23555,87,23554,1.0,584,125,890,1.5240,1,0,0,RUNNING,0,,143;129;109;90;81;66;56;49;41;32;29;24;23;18
23589,88,23588,1.0,525,117,827,1.5752,1,0,0,RUNNING,0,,135;119;100;86;72;61;53;44;37;30;28;24;20;18
23622,89,23621,1.0,1898,137,839,0.4420,1,0,0,RUNNING,0,,146;123;104;88;75;63;56;47;39;31;27;18;13;9
23655,90,23654,1.0,648,138,873,1.3472,1,0,0,RUNNING,0,,149;131;110;93;81;67;57;51;35;27;23;19;11;19
23689,91,23688,1.0,684,124,779,1.1389,1,0,0,RUNNING,0,,141;119;95;85;63;56;44;38;27;29;24;23;18;17
23722,92,23721,1.0,1912,116,819,0.4283,1,0,1,RUNNING,0,,135;118;94;82;69;56;55;45;41;33;26;24;22;19
23789,93,23788,1.0,818,117,823,1.0061,1,0,0,RUNNING,0,,135;119;98;84;71;62;54;45;37;30;25;24;21;18
23822,94,23821,1.0,1912,125,880,0.4603,1,0,1,RUNNING,0,,146;126;106;88;74;66;56;48;41;33;29;24;22;21
23889,95,23888,1.0,1009,132,836,0.8285,1,0,0,RUNNING,0,,143;120;98;87;72;63;54;44;39;33;27;24;21;11
23922,96,23921,1.0,1774,137,852,0.4803,1,0,0,RUNNING,0,,147;121;105;90;79;68;56;49;40;34;23;19;11;10
23989,97,23988,1.0,1157,125,794,0.6863,1,0,0,RUNNING,0,,143;120;102;78;63;55;43;38;37;29;24;23;21;18
24022,98,24021,1.0,1529,110,830,0.5428,1,0,0,RUNNING,0,,131;119;99;85;70;56;56;47;41;33;26;24;22;21
24089,99,24088,1.0,1448,121,843,0.5822,1,0,0,RUNNING,0,,141;120;101;87;73;61;54;45;37;31;26;24;23;20
24122,100,24121,1.0,1143,121,887,0.7760,1,0,0,RUNNING,0,,143;126;106;90;76;66;56;49;43;34;30;24;22;22
24189,101,24188,1.0,1669,132,842,0.5045,1,0,0,RUNNING,0,,141;120;102;87;73;62;55;46;39;34;27;24;23;9
24222,102,24221,1.0,1096,134,867,0.7911,1,0,0,RUNNING,0,,145;127;108;92;78;69;57;50;41;34;23;18;14;11
24289,103,24288,1.0,1797,126,793,0.4413,1,0,0,RUNNING,0,,141;120;103;81;67;56;45;38;27;30;25;24;21;15
24322,104,24321,1.0,740,118,841,1.1365,1,0,0,RUNNING,0,,133;120;100;84;71;65;56;47;41;33;28;24;24;15
24356,105,24355,1.0,638,107,766,1.2006,1,0,0,RUNNING,0,,125;106;88;73;70;59;51;42;37;29;25;24;19;18
24389,106,24388,1.0,1912,125,858,0.4487,1,0,1,RUNNING,0,,143;121;102;88;74;63;56;47;39;35;26;24;22;18
24456,107,24455,1.0,675,116,820,1.2148,1,0,0,RUNNING,0,,135;118;97;84;72;58;54;44;38;31;25;24;21;19
24489,108,24488,1.0,1882,132,830,0.4410,1,0,0,RUNNING,0,,141;120;103;87;74;61;54;44;39;31;24;24;19;9
24556,109,24555,1.0,904,120,761,0.8418,1,0,0,RUNNING,0,,134;116;98;84;71;59;44;35;27;24;21;14;19;15
24589,110,24588,1.0,1896,127,821,0.4330,1,0,0,RUNNING,0,,146;121;105;83;69;57;46;38;31;33;27;24;22;19
24656,111,24655,1.0,1018,106,810,0.7957,1,0,0,RUNNING,0,,124;117;98;83;71;61;53;45;37;30;27;24;22;18
24689,112,24688,1.0,1710,123,854,0.4994,1,0,0,RUNNING,0,,141;121;103;88;74;62;56;46;39;31;28;24;23;18
24756,113,24755,1.0,1164,116,820,0.7045,1,0,0,RUNNING,0,,135;120;99;86;72;61;54;42;36;30;25;22;19;19
24789,114,24788,1.0,1548,132,865,0.5588,1,0,0,RUNNING,0,,143;124;105;90;78;63;55;49;40;34;26;24;23;11
24856,115,24855,1.0,1293,117,786,0.6079,1,0,0,RUNNING,0,,135;120;98;85;72;61;45;35;30;24;19;24;20;18
24889,116,24888,1.0,1367,125,819,0.5991,1,0,0,RUNNING,0,,143;125;106;83;67;57;47;39;30;33;25;24;22;18
24956,117,24955,1.0,1590,113,805,0.5063,1,0,0,RUNNING,0,,131;109;99;85;72;59;53;43;36;29;27;24;20;18
24989,118,24988,1.0,1181,125,893,0.7561,1,0,0,RUNNING,0,,146;125;106;90;78;68;57;49;42;34;29;24;24;21
25056,119,25055,1.0,1603,125,845,0.5271,1,0,0,RUNNING,0,,143;120;103;87;73;62;55;46;38;31;25;24;20;18
25089,120,25088,1.0,763,133,870,1.1402,1,0,0,RUNNING,0,,144;126;107;89;79;65;56;46;38;34;29;24;22;11
25156,121,25155,1.0,1837,128,801,0.4360,1,0,0,RUNNING,0,,143;120;102;87;74;61;48;38;29;24;22;15;21;17
25189,122,25188,1.0,670,126,843,1.2582,1,0,0,RUNNING,0,,146;126;107;85;72;59;47;42;33;33;27;24;22;20
25223,123,25222,1.0,632,105,762,1.2057,1,0,0,RUNNING,0,,123;107;88;73;69;58;51;42;36;30;25;23;19;18
25256,124,25255,1.0,1893,116,819,0.4326,1,0,0,RUNNING,0,,133;105;101;87;72;61;55;46;38;31;28;24;21;17
25323,125,25322,1.0,773,117,802,1.0375,1,0,0,RUNNING,0,,132;116;97;84;72;59;53;43;35;29;26;22;19;15
25356,126,25355,1.0,1902,121,858,0.4511,1,0,0,RUNNING,0,,141;120;103;88;74;63;56;47;41;33;27;24;21;20
25423,127,25422,1.0,837,124,782,0.9343,1,0,0,RUNNING,0,,135;119;98;82;71;58;52;43;38;25;22;17;11;11
25456,128,25455,1.0,1810,125,824,0.4552,1,0,0,RUNNING,0,,143;121;104;88;75;63;46;41;31;24;23;24;23;18
25523,129,25522,1.0,959,108,775,0.8081,1,0,0,RUNNING,0,,126;106;88;75;71;58;54;45;37;29;25;24;19;18
25556,130,25555,1.0,1614,112,835,0.5173,1,0,0,RUNNING,0,,130;119;101;88;75;63;54;44;38;33;27;24;21;18
25623,131,25622,1.0,1479,111,798,0.5396,1,0,0,RUNNING,0,,129;116;94;82;72;58;54;38;38;29;25;23;22;18
25656,132,25655,1.0,1831,128,894,0.4883,1,0,0,RUNNING,0,,149;125;106;90;77;67;56;50;41;35;30;24;23;21
25723,133,25722,1.0,1163,132,801,0.6887,1,0,0,RUNNING,0,,141;119;101;86;71;62;55;45;39;26;19;15;13;9
25756,134,25755,1.0,1272,124,817,0.6423,1,0,0,RUNNING,0,,141;120;106;88;76;63;47;41;33;24;24;19;18;17
25823,135,25822,1.0,1480,108,782,0.5284,1,0,0,RUNNING,0,,125;109;89;75;71;59;53;43;37;31;26;24;23;17
25856,136,25855,1.0,1192,110,823,0.6904,1,0,0,RUNNING,0,,127;114;103;88;73;63;55;46;38;30;26;24;19;17
25923,137,25922,1.0,1777,115,803,0.4519,1,0,0,RUNNING,0,,130;118;99;85;71;58;51;43;35;31;24;24;19;15
25956,138,25955,1.0,1284,122,867,0.6752,1,0,0,RUNNING,0,,143;123;108;89;75;63;56;45;39;33;27;24;21;21
26023,139,26022,1.0,1625,129,815,0.5015,1,0,0,RUNNING,0,,142;119;101;87;72;62;56;46;39;25;23;17;13;13
26056,140,26055,1.0,751,122,826,1.0999,1,0,0,RUNNING,0,,135;125;106;90;77;65;52;42;30;26;22;21;22;13
26090,141,26089,1.0,537,113,750,1.3966,1,0,0,RUNNING,0,,131;113;88;74;60;54;43;36;35;30;25;22;21;18
26123,142,26122,1.0,1826,110,770,0.4217,1,0,0,RUNNING,0,,125;111;91;77;62;56;53;43;37;31;24;24;21;15
26156,143,26155,1.0,584,108,836,1.4315,1,0,0,RUNNING,0,,127;105;105;88;75;65;55;47;39;33;30;24;24;19
26190,144,26189,1.0,632,118,826,1.3070,1,0,0,RUNNING,0,,135;119;99;83;72;62;53;45;39;30;27;24;21;17
26223,145,26222,1.0,1704,118,810,0.4754,1,0,0,RUNNING,0,,133;117;99;83;71;58;54;44;37;31;25;24;19;15
26256,146,26255,1.0,801,125,892,1.1136,1,0,0,RUNNING,0,,144;127;107;90;79;68;56;50;41;35;29;24;23;19
26290,147,26289,1.0,796,124,771,0.9686,1,0,0,RUNNING,0,,131;114;94;83;70;58;51;41;35;30;24;22;11;7
26323,148,26322,1.0,1891,131,806,0.4262,1,0,0,RUNNING,0,,142;120;99;87;73;59;53;46;38;24;23;18;13;11
26390,149,26389,1.0,795,117,763,0.9597,1,0,0,RUNNING,0,,134;115;88;74;60;53;46;41;36;30;25;23;21;17
26423,150,26422,1.0,1832,109,786,0.4290,1,0,0,RUNNING,0,,127;111;93;78;65;59;53;45;38;29;25;24;21;18
26490,151,26489,1.0,909,116,832,0.9153,1,0,0,RUNNING,0,,135;119;100;87;73;59;53;47;39;31;26;24;20;19
26523,152,26522,1.0,1489,118,834,0.5601,1,0,0,RUNNING,0,,135;119;99;86;73;61;54;45;38;34;26;24;23;17
26590,153,26589,1.0,1017,125,798,0.7847,1,0,0,RUNNING,0,,134;118;95;85;72;59;53;42;37;31;25;24;14;9
26623,154,26622,1.0,1720,133,815,0.4738,1,0,0,RUNNING,0,,141;121;103;88;74;63;56;45;38;26;22;16;14;8
26690,155,26689,1.0,1067,117,766,0.7179,1,0,0,RUNNING,0,,133;118;90;75;63;55;44;42;36;29;24;22;19;16
26723,156,26722,1.0,1490,109,801,0.5376,1,0,0,RUNNING,0,,126;116;97;81;67;60;53;43;39;31;25;24;22;17
26790,157,26789,1.0,1158,117,814,0.7029,1,0,0,RUNNING,0,,133;119;99;85;72;59;51;41;38;31;24;24;22;16
26823,158,26822,1.0,1346,116,849,0.6308,1,0,0,RUNNING,0,,135;121;105;88;73;61;56;45;39;33;27;24;23;19
26890,159,26889,1.0,1355,126,795,0.5867,1,0,0,RUNNING,0,,133;118;99;83;72;59;54;42;37;29;26;23;13;7
26923,160,26922,1.0,1256,132,828,0.6592,1,0,0,RUNNING,0,,141;123;105;88;74;66;56;47;41;26;21;18;13;9
26990,161,26989,1.0,1460,115,771,0.5281,1,0,0,RUNNING,0,,133;120;90;75;61;53;44;43;37;29;25;24;19;18
27023,162,27022,1.0,1124,108,827,0.7358,1,0,0,RUNNING,0,,127;118;95;85;69;63;56;46;41;35;27;24;22;19
27090,163,27089,1.0,1547,117,827,0.5346,1,0,0,RUNNING,0,,135;117;99;85;72;61;53;47;38;31;26;24;21;18
27123,164,27122,1.0,980,118,853,0.8704,1,0,0,RUNNING,0,,135;121;105;89;75;65;56;47;39;31;26;24;23;17
27190,165,27189,1.0,1685,128,796,0.4724,1,0,0,RUNNING,0,,135;119;99;87;72;59;51;45;37;29;25;22;9;7
27223,166,27222,1.0,857,133,830,0.9685,1,0,0,RUNNING,0,,143;124;106;91;75;63;56;50;39;26;19;17;11;10
27257,167,27256,1.0,547,116,746,1.3638,1,0,0,RUNNING,0,,131;114;93;78;70;55;41;38;27;24;18;23;19;15
27290,168,27289,1.0,1794,121,766,0.4270,1,0,0,RUNNING,0,,135;118;90;74;66;53;46;35;38;29;24;23;21;14
27323,169,27322,1.0,675,109,823,1.2193,1,0,0,RUNNING,0,,127;117;98;85;65;65;56;46;41;35;25;24;21;18
27357,170,27356,1.0,625,104,783,1.2528,1,0,0,RUNNING,0,,121;113;91;83;71;57;54;42;37;30;25;23;19;17
27390,171,27389,1.0,1864,121,844,0.4528,1,0,0,RUNNING,0,,139;120;103;88;73;61;54;45;39;33;26;24;21;18
27457,172,27456,1.0,664,114,795,1.1973,1,0,0,RUNNING,0,,132;116;94;82;72;57;50;42;35;30;24;24;18;19
27490,173,27489,1.0,1865,125,814,0.4365,1,0,0,RUNNING,0,,135;120;99;86;73;62;53;46;37;31;27;24;11;10
27557,174,27556,1.0,776,120,739,0.9523,1,0,0,RUNNING,0,,134;114;95;83;69;51;43;35;25;24;15;18;19;14
27590,175,27589,1.0,1882,117,792,0.4208,1,0,0,RUNNING,0,,134;121;94;81;63;56;46;39;37;33;26;24;21;17
27657,176,27656,1.0,872,113,787,0.9025,1,0,0,RUNNING,0,,131;111;95;82;69;57;50;42;39;27;25;22;19;18
27690,177,27689,1.0,1857,122,850,0.4577,1,0,0,RUNNING,0,,141;120;102;87;73;61;55;47;38;34;27;23;23;19
27757,178,27756,1.0,954,114,801,0.8396,1,0,0,RUNNING,0,,131;115;98;82;73;57;52;41;37;28;27;23;20;17
27790,179,27789,1.0,1761,132,832,0.4725,1,0,0,RUNNING,0,,142;121;102;88;75;63;55;46;37;31;27;24;11;10
27857,180,27856,1.0,1034,118,766,0.7408,1,0,0,RUNNING,0,,133;116;98;85;71;55;42;35;27;24;24;22;19;15
27890,181,27889,1.0,1672,123,812,0.4856,1,0,0,RUNNING,0,,142;120;95;79;66;56;47;44;40;33;27;24;20;19
27957,182,27956,1.0,1211,120,814,0.6722,1,0,0,RUNNING,0,,135;118;98;85;71;59;51;44;37;30;26;23;22;15
27990,183,27989,1.0,1520,124,854,0.5618,1,0,0,RUNNING,0,,141;121;102;88;74;67;55;47;38;30;29;24;21;17
28057,184,28056,1.0,1303,114,803,0.6163,1,0,0,RUNNING,0,,131;118;100;85;71;59;51;42;34;29;25;22;19;17
28090,185,28089,1.0,1373,127,829,0.6038,1,0,0,RUNNING,0,,135;121;105;88;75;63;56;46;39;31;25;24;13;8
28157,186,28156,1.0,1402,120,775,0.5528,1,0,0,RUNNING,0,,135;119;98;84;72;56;44;34;29;24;24;22;19;15
28190,187,28189,1.0,1103,114,803,0.7280,1,0,0,RUNNING,0,,135;121;95;79;67;56;47;45;35;31;26;24;21;21
28257,188,28256,1.0,1666,116,803,0.4820,1,0,0,RUNNING,0,,133;117;97;82;71;58;51;43;35;29;26;24;20;17
28290,189,28289,1.0,1087,116,858,0.7893,1,0,0,RUNNING,0,,135;122;105;88;75;65;56;47;40;33;27;24;22;19
28357,190,28356,1.0,1709,117,817,0.4781,1,0,0,RUNNING,0,,134;118;98;87;71;59;54;45;35;30;27;22;20;17
28390,191,28389,1.0,827,131,849,1.0266,1,0,0,RUNNING,0,,141;123;106;89;77;63;56;47;39;35;27;24;12;10
28424,192,28423,1.0,540,120,734,1.3593,1,0,0,RUNNING,0,,129;113;93;81;67;57;49;42;26;24;20;13;11;9
28457,193,28456,1.0,1785,117,782,0.4381,1,0,0,RUNNING,0,,134;119;103;86;72;55;43;38;29;24;18;24;20;17
28490,194,28489,1.0,638,115,803,1.2586,1,0,0,RUNNING,0,,134;122;98;82;67;57;49;37;37;30;26;24;21;19
28524,195,28523,1.0,587,109,739,1.2589,1,0,0,RUNNING,0,,123;105;87;72;60;56;50;41;36;28;25;24;18;14
28557,196,28556,1.0,1833,109,777,0.4239,1,0,0,RUNNING,0,,121;115;89;83;70;59;53;43;37;28;26;23;18;12
28590,197,28589,1.0,526,116,874,1.6616,1,0,0,RUNNING,0,,135;125;107;90;78;66;56;47;40;36;29;24;22;19
28624,198,28623,1.0,747,115,779,1.0428,1,0,0,RUNNING,0,,130;113;93;82;67;57;51;40;36;29;26;22;18;15
28657,199,28656,1.0,1864,116,833,0.4469,1,0,0,RUNNING,0,,135;119;101;88;71;62;54;47;38;30;26;23;20;19
28724,200,28723,1.0,780,121,752,0.9641,1,0,0,RUNNING,0,,131;113;95;78;71;57;51;44;28;24;19;14;10;17
28757,201,28756,1.0,1780,118,780,0.4382,1,0,0,RUNNING,0,,135;120;101;87;73;56;45;37;26;24;17;24;18;17
28824,202,28823,1.0,938,105,761,0.8113,1,0,0,RUNNING,0,,122;103;88;81;69;58;49;42;37;27;24;23;21;17
28857,203,28856,1.0,1716,115,826,0.4814,1,0,0,RUNNING,0,,134;119;99;86;72;62;55;45;35;30;25;24;21;19
28924,204,28923,1.0,962,115,795,0.8264,1,0,0,RUNNING,0,,134;113;94;81;69;57;53;43;35;29;24;24;20;19
28957,205,28956,1.0,1532,117,832,0.5431,1,0,0,RUNNING,0,,134;120;99;88;72;63;54;45;38;31;26;24;21;17
29024,206,29023,1.0,1157,120,764,0.6603,1,0,0,RUNNING,0,,131;115;97;83;71;58;52;42;31;24;19;15;11;15
29057,207,29056,1.0,1493,123,772,0.5171,1,0,0,RUNNING,0,,133;120;102;88;72;56;46;38;26;24;19;23;10;15
29124,208,29123,1.0,1253,106,764,0.6097,1,0,0,RUNNING,0,,121;107;88;79;70;57;51;42;38;27;26;23;20;15
29157,209,29156,1.0,1289,108,832,0.6455,1,0,0,RUNNING,0,,126;120;104;88;73;61;56;45;39;31;26;24;21;18
29224,210,29223,1.0,1439,117,796,0.5532,1,0,0,RUNNING,0,,131;114;94;82;71;59;53;44;37;30;25;24;18;14
29257,211,29256,1.0,1162,117,845,0.7272,1,0,0,RUNNING,0,,135;120;105;87;74;61;56;47;39;34;25;24;18;20
29324,212,29323,1.0,1581,140,767,0.4851,1,0,0,RUNNING,0,,131;115;98;82;70;58;53;45;30;-9;24;19;14;19
29357,213,29356,1.0,905,116,801,0.8851,1,0,0,RUNNING,0,,135;122;101;88;75;56;49;40;29;24;21;23;19;19
29424,214,29423,1.0,1698,103,770,0.4535,1,0,0,RUNNING,0,,121;107;89;83;69;58;51;42;35;30;24;22;21;18
29457,215,29456,1.0,811,115,842,1.0382,1,0,0,RUNNING,0,,133;120;102;88;73;62;56;45;40;31;29;24;21;18
29524,217,29523,1.0,1821,165,836,0.4591,1,0,0,RUNNING,0,,132;115;99;83;72;61;53;45;37;-33;29;29;25;23
29591,218,29590,1.0,594,124,773,1.3013,1,0,0,RUNNING,0,,133;115;94;83;69;58;53;41;35;28;25;18;12;9
29624,219,29623,1.0,1830,136,762,0.4164,1,0,0,RUNNING,0,,133;118;100;85;72;57;55;45;27;-3;24;20;13;10
29724,221,29723,1.0,1831,104,762,0.4162,1,0,0,RUNNING,0,,122;107;88;78;71;58;51;43;36;26;24;21;19;18
29791,222,29790,1.0,855,113,768,0.8982,1,0,0,RUNNING,0,,127;111;91;81;69;57;47;42;35;25;26;22;21;14
29824,223,29823,1.0,1775,180,861,0.4851,1,0,0,RUNNING,0,,134;119;100;87;72;63;53;44;35;-46;27;31;26;24
29924,225,29923,1.0,1772,185,833,0.4701,1,0,0,RUNNING,0,,142;120;102;88;72;59;55;46;31;-43;22;23;17;13
29991,226,29990,1.0,1109,119,733,0.6610,1,0,0,RUNNING,0,,127;105;88;74;58;51;53;41;35;8;27;24;23;19
30024,227,30023,1.0,1592,131,766,0.4812,1,0,0,RUNNING,0,,125;109;89;83;72;58;51;44;37;-6;24;24;23;21
30124,229,30123,1.0,1384,167,856,0.6185,1,0,0,RUNNING,0,,140;120;103;87;75;63;56;45;37;-27;28;27;24;24
30191,230,30190,1.0,1401,149,778,0.5553,1,0,0,RUNNING,0,,132;114;94;83;69;57;49;41;37;-17;29;24;18;14
30224,231,30223,1.0,926,203,872,0.9417,1,0,0,RUNNING,0,,131;120;101;87;72;62;53;45;33;-72;22;26;23;25
30258,232,30257,1.0,651,139,691,1.0614,1,0,0,RUNNING,0,,121;104;89;74;57;50;38;31;-18;-5;26;30;24;24
30358,234,30357,1.0,579,118,736,1.2712,1,0,0,RUNNING,0,,126;105;90;75;67;55;51;40;17;8;31;26;24;21
30391,235,30390,1.0,1787,175,830,0.4645,1,0,0,RUNNING,0,,131;115;94;81;70;57;52;43;35;-44;33;29;24;22
30458,236,30457,1.0,776,119,744,0.9588,1,0,0,RUNNING,0,,123;107;89;77;65;56;50;39;23;4;34;29;24;24
30591,238,30590,1.0,869,182,787,0.9056,1,0,0,RUNNING,0,,121;103;87;72;61;51;47;42;34;-61;29;31;25;23
30658,239,30657,1.0,878,134,762,0.8679,1,0,0,RUNNING,0,,125;109;92;79;66;56;48;42;19;-9;37;31;26;23
30758,241,30757,1.0,1374,150,793,0.5771,1,0,0,RUNNING,0,,123;108;90;78;67;56;49;40;31;-27;37;34;29;24
30791,242,30790,1.0,1338,245,933,0.6973,1,0,0,RUNNING,0,,130;118;99;85;72;62;53;45;37;-115;35;31;28;23
30825,243,30824,1.0,1022,264,849,0.8307,1,0,0,RUNNING,0,,115;99;85;72;61;55;43;31;-149;-3;42;39;25;30
30858,244,30857,1.0,546,212,863,1.5806,1,0,0,RUNNING,0,,115;104;88;74;58;49;39;31;-55;-97;36;45;39;33
30958,245,30957,1.0,1654,162,809,0.4891,1,0,0,RUNNING,0,,122;107;91;77;66;58;50;44;34;-40;37;34;25;24
30991,246,30990,1.0,1001,221,923,0.9221,1,0,0,RUNNING,0,,130;118;102;85;74;60;55;44;38;-91;31;37;31;27
31025,247,31024,1.0,604,183,790,1.3079,1,0,0,RUNNING,0,,123;103;88;74;63;56;49;41;-60;8;39;33;29;24
31058,248,31057,1.0,1717,181,852,0.4962,1,0,0,RUNNING,0,,125;111;94;82;69;58;51;42;33;-56;38;37;31;25
31125,249,31124,1.0,673,229,827,1.2288,1,0,0,RUNNING,0,,120;103;88;75;63;56;46;33;-109;-13;34;31;31;25
31158,250,31157,1.0,1109,224,838,0.7556,1,0,0,RUNNING,0,,119;106;91;77;57;50;39;29;24;-105;39;40;31;31
31225,251,31224,1.0,808,184,783,0.9691,1,0,0,RUNNING,0,,115;94;88;74;65;55;47;41;-69;-5;41;34;31;24
31258,252,31257,1.0,1489,209,874,0.5870,1,0,0,RUNNING,0,,122;113;91;79;70;57;47;42;35;-87;37;35;33;26
31292,253,31291,1.0,686,254,859,1.2522,1,0,0,RUNNING,0,,116;97;83;69;59;52;43;36;-138;24;47;39;31;25
31325,254,31324,1.0,515,211,870,1.6893,1,0,0,RUNNING,0,,112;104;88;73;62;56;45;39;-99;-36;47;42;37;30
31358,255,31357,1.0,409,216,890,2.1760,1,0,0,RUNNING,0,,119;109;92;82;67;56;51;42;35;-97;39;40;34;27
31425,256,31424,1.0,1567,205,839,0.5354,1,0,0,RUNNING,0,,120;103;88;75;63;54;46;33;-85;-45;36;31;34;26
31458,257,31457,1.0,573,240,886,1.5462,1,0,0,RUNNING,0,,120;110;92;80;63;53;40;35;25;-120;39;43;35;31
31492,258,31491,1.0,449,241,812,1.8085,1,0,0,RUNNING,0,,111;90;75;62;55;49;42;35;-130;15;47;40;33;28
31525,259,31524,1.0,805,204,903,1.1217,1,0,0,RUNNING,0,,106;95;81;73;61;55;46;38;-98;-76;49;49;40;36
31625,260,31624,1.0,1454,140,766,0.5268,1,0,0,RUNNING,0,,121;106;88;75;65;56;49;41;34;-19;33;30;25;24
31658,261,31657,1.0,1723,207,902,0.5235,1,0,0,RUNNING,0,,135;119;100;86;73;61;55;45;39;-72;31;35;27;24
31725,262,31724,1.0,1078,184,808,0.7495,1,0,0,RUNNING,0,,127;109;93;82;70;57;52;36;10;-57;30;29;30;26
31792,263,31791,1.0,467,217,801,1.7152,1,0,0,RUNNING,0,,116;93;82;69;56;54;47;35;-101;-2;46;39;34;27
31825,264,31824,1.0,447,193,817,1.8277,1,0,0,RUNNING,0,,104;95;87;75;63;55;46;40;-13;-89;43;41;36;30
31859,265,31858,1.0,430,244,840,1.9535,1,0,0,RUNNING,0,,109;93;81;67;56;50;42;35;-135;31;46;39;31;25
31892,266,31891,1.0,1509,202,797,0.5282,1,0,0,RUNNING,0,,117;101;88;73;60;53;46;39;-85;4;39;37;29;26
31925,267,31924,1.0,1668,199,861,0.5162,1,0,0,RUNNING,0,,122;110;90;79;68;56;47;41;30;-77;43;42;31;25
31992,268,31991,1.0,653,194,777,1.1899,1,0,0,RUNNING,0,,122;104;88;75;66;56;47;39;-72;-1;35;29;24;19
32025,269,32024,1.0,1550,235,870,0.5613,1,0,0,RUNNING,0,,122;110;91;79;69;56;50;31;19;-113;34;35;34;27
32092,270,32091,1.0,970,144,684,0.7052,1,0,0,RUNNING,0,,113;94;78;68;56;47;43;37;-31;-2;33;33;25;24
32125,271,32124,1.0,1785,197,834,0.4672,1,0,0,RUNNING,0,,120;107;89;73;67;56;47;42;35;-77;34;35;28;24
32192,272,32191,1.0,520,147,783,1.5058,1,0,0,RUNNING,0,,125;111;91;79;67;57;50;41;-22;-10;38;37;29;26
32225,273,32224,1.0,1133,204,860,0.7590,1,0,0,RUNNING,0,,122;110;91;79;69;57;51;40;37;-82;34;35;29;24
32292,274,32291,1.0,1189,193,840,0.7065,1,0,0,RUNNING,0,,121;107;88;73;67;56;49;43;-72;-40;40;34;26;24
32359,275,32358,1.0,658,254,826,1.2553,1,0,0,RUNNING,0,,115;100;83;65;55;41;37;26;-139;20;47;38;33;27
32392,276,32391,1.0,1117,175,817,0.7314,1,0,0,RUNNING,0,,110;97;82;66;56;54;43;38;-65;-51;46;43;35;31
32459,277,32458,1.0,747,240,858,1.1486,1,0,0,RUNNING,0,,120;103;88;74;61;55;44;38;-120;11;45;40;34;25
32526,278,32525,1.0,1218,306,956,0.7849,1,0,0,RUNNING,0,,107;93;81;70;58;50;43;21;-199;38;59;53;45;39
32560,279,32559,1.0,1018,263,808,0.7937,1,0,0,RUNNING,0,,95;83;71;61;55;42;38;-168;-1;56;47;40;30;21
32625,280,32624,1.0,1354,245,908,0.6706,1,0,0,RUNNING,0,,131;117;99;85;71;59;54;38;26;-114;24;33;31;26
32659,281,32658,1.0,659,165,711,1.0789,1,0,0,RUNNING,0,,120;101;88;65;56;44;38;30;-45;21;30;27;24;22
32692,282,32691,1.0,856,137,746,0.8715,1,0,0,RUNNING,0,,129;105;88;73;62;53;50;42;38;-8;29;25;23;21
32725,283,32724,1.0,1192,129,761,0.6384,1,0,0,RUNNING,0,,123;109;83;81;72;59;53;45;35;-6;24;25;24;22
32792,284,32791,1.0,1064,173,844,0.7932,1,0,0,RUNNING,0,,133;117;95;84;71;59;52;44;36;-40;34;29;26;24
32825,285,32824,1.0,624,171,837,1.3413,1,0,0,RUNNING,0,,127;118;98;86;72;59;51;43;38;-44;24;29;26;22
32892,286,32891,1.0,1334,126,760,0.5697,1,0,0,RUNNING,0,,131;117;98;85;71;61;53;41;38;5;21;19;11;9
32925,287,32924,1.0,1192,174,823,0.6904,1,0,0,RUNNING,0,,135;120;101;88;73;61;55;39;28;-39;20;23;20;21
32959,288,32958,1.0,465,110,707,1.5204,1,0,0,RUNNING,0,,126;107;89;72;58;51;40;31;26;28;24;21;18;16
32992,289,32991,1.0,1337,109,752,0.5625,1,0,0,RUNNING,0,,127;107;88;73;62;53;50;42;35;29;25;24;19;18
33025,290,33024,1.0,1000,109,804,0.8040,1,0,0,RUNNING,0,,126;114;99;77;73;62;54;44;37;31;25;24;21;17
33092,291,33091,1.0,1483,127,842,0.5678,1,0,0,RUNNING,0,,142;120;103;87;72;61;55;46;40;31;25;24;21;15
33125,292,33124,1.0,543,118,845,1.5562,1,0,0,RUNNING,0,,133;121;106;88;77;61;56;47;39;33;26;24;19;15
33159,293,33158,1.0,423,110,782,1.8487,1,0,0,RUNNING,0,,129;111;91;79;70;57;51;42;37;27;24;24;21;19
33192,294,33191,1.0,1707,134,800,0.4687,1,0,0,RUNNING,0,,141;118;99;87;71;60;53;46;37;31;25;15;10;7
33225,295,33224,1.0,932,131,826,0.8863,1,0,0,RUNNING,0,,142;124;103;89;76;65;56;49;30;25;22;17;11;17
33259,296,33258,1.0,479,116,749,1.5637,1,0,0,RUNNING,0,,131;114;95;83;61;51;42;35;29;27;24;23;19;15
33292,297,33291,1.0,1770,120,778,0.4395,1,0,0,RUNNING,0,,135;111;94;76;65;53;53;41;36;29;25;24;21;15
33325,298,33324,1.0,612,108,834,1.3627,1,0,0,RUNNING,0,,129;119;98;82;76;63;55;47;40;33;26;24;21;21
33359,299,33358,1.0,569,110,773,1.3585,1,0,0,RUNNING,0,,127;111;91;81;67;56;49;41;34;30;25;23;21;17
33392,300,33391,1.0,1656,123,847,0.5115,1,0,0,RUNNING,0,,142;120;102;88;72;62;56;43;37;33;27;23;23;19
33425,301,33424,1.0,712,121,883,1.2402,1,0,0,RUNNING,0,,142;128;108;90;77;67;56;47;41;34;25;24;23;21
33459,302,33458,1.0,546,115,812,1.4872,1,0,0,RUNNING,0,,134;117;98;85;69;59;51;45;36;29;25;23;22;19
33492,303,33491,1.0,1817,132,822,0.4524,1,0,0,RUNNING,0,,141;120;102;88;75;63;53;43;38;33;27;19;11;9
33525,304,33524,1.0,532,120,833,1.5658,1,0,0,RUNNING,0,,135;125;107;91;77;66;56;49;34;25;21;15;15;17
33559,305,33558,1.0,795,119,742,0.9333,1,0,0,RUNNING,0,,133;115;94;84;65;53;42;34;19;28;22;21;18;14
33592,306,33591,1.0,1724,126,800,0.4640,1,0,0,RUNNING,0,,141;113;93;79;66;56;53;47;39;31;25;23;19;15
33659,307,33658,1.0,1136,311,1165,1.0255,1,0,0,RUNNING,0,,134;118;99;85;72;59;52;43;-102;-177;58;63;56;47
33710,308,33709,1.0,679,346,1268,1.8675,1,0,0,RUNNING,0,,99;89;74;62;55;46;35;-221;-247;70;83;72;61;54
33777,309,33776,1.0,454,415,1363,3.0022,1,0,0,RUNNING,0,,98;88;78;66;56;47;40;-317;-185;94;91;78;69;56
33836,310,33835,1.0,483,89,795,1.6460,1,0,0,RUNNING,0,,101;109;101;87;72;62;55;45;37;33;27;24;22;20
33869,311,33868,1.0,570,154,1133,1.9877,1,0,0,RUNNING,0,,91;179;154;127;110;90;79;68;58;51;41;33;27;25
33903,312,33902,1.0,535,131,956,1.7869,1,0,0,RUNNING,0,,152;141;119;97;79;72;62;52;43;38;30;26;24;21
33936,313,33935,1.0,487,101,834,1.7125,1,0,0,RUNNING,0,,117;120;105;89;77;62;56;46;39;34;25;24;21;19
34026,314,34025,1.0,1513,104,712,0.4706,1,0,0,RUNNING,0,,117;101;86;72;61;55;44;39;33;27;24;20;20;13
34060,315,34059,1.0,612,97,635,1.0376,1,0,0,RUNNING,0,,105;90;77;66;57;50;39;34;29;24;22;19;15;8
34112,316,34111,1.0,713,123,435,0.6101,1,0,0,RUNNING,0,,56;51;42;38;30;25;-67;24;24;24;20;17;15;2
34226,317,34225,1.0,1243,176,874,0.7031,1,0,0,RUNNING,0,,118;107;88;77;65;56;50;41;-57;-58;47;43;39;28
34259,318,34258,1.0,434,181,835,1.9240,1,0,0,RUNNING,0,,120;113;95;83;69;56;50;42;33;-61;29;31;29;24
34292,319,34291,1.0,793,117,862,1.0870,1,0,0,RUNNING,0,,135;121;107;88;75;65;56;49;41;35;27;24;21;18
34326,320,34325,1.0,427,113,796,1.8642,1,0,0,RUNNING,0,,131;111;98;81;69;58;53;41;36;29;25;23;23;18
34359,321,34358,1.0,1630,115,827,0.5074,1,0,0,RUNNING,0,,135;120;102;88;72;59;54;43;37;29;24;23;21;20
34392,322,34391,1.0,917,133,839,0.9149,1,0,0,RUNNING,0,,143;122;106;90;73;63;56;47;39;34;25;20;11;10
34426,323,34425,1.0,500,120,749,1.4980,1,0,0,RUNNING,0,,133;113;95;83;68;59;51;33;26;24;17;13;19;15
34459,324,34458,1.0,1853,254,931,0.5024,1,0,0,RUNNING,0,,135;120;101;87;65;54;43;38;27;-119;35;41;36;30
34503,325,34502,1.0,471,114,900,1.9108,1,0,0,RUNNING,0,,132;131;114;95;72;69;59;51;42;38;31;24;24;18
34535,326,34534,1.0,900,1144,2804,3.1156,1,0,0,RUNNING,0,,-819;35;325;292;248;214;184;155;130;109;93;77;67;56
34568,327,34567,1.0,1074,1579,4638,4.3184,1,0,0,RUNNING,0,,-1128;-513;426;451;392;335;282;245;209;181;152;125;110;89
34602,328,34601,1.0,1288,1511,4430,3.4394,1,0,0,RUNNING,0,,-966;209;545;485;412;353;303;261;221;189;162;127;107;90
34635,329,34634,1.0,1553,2111,6506,4.1893,1,0,0,RUNNING,0,,-1417;-521;682;694;591;504;434;371;311;264;222;191;157;147
34668,330,34667,1.0,1912,3028,9947,5.2024,1,1,1,RUNNING,0,,-1912;-1350;108;1116;1014;856;728;619;527;456;392;335;286;248
34701,331,34700,1.0,1912,3413,13733,7.1825,1,1,1,RUNNING,0,,-1912;-1912;-962;971;1501;1271;1065;903;775;647;566;482;412;354
34729,332,34728,1.0,737,4004,19288,26.1710,1,1,0,RUNNING,0,,536;462;394;-1793;-1912;-1912;-1912;-1912;-296;1896;2092;1669;1363;1139
34757,333,34756,1.0,2183,3841,19781,9.0614,1,1,1,RUNNING,0,,1929;1538;1272;1070;909;775;647;557;-1714;-1912;-1912;-1912;-1912;-1722
34785,334,34784,1.0,1912,4095,21075,11.0225,1,1,1,RUNNING,0,,-1912;-1912;-1521;765;2183;2183;2183;1833;1467;1217;1027;873;743;-1256
34813,335,34812,1.0,1251,4095,24149,19.3038,1,1,0,RUNNING,0,,900;760;-1912;-1912;-1912;-1912;-1912;-1912;-442;2183;2183;2183;2183;1843
34841,336,34840,1.0,2183,4095,23431,10.7334,1,1,1,RUNNING,0,,2183;2183;1798;1449;1208;1017;869;-1652;-1912;-1912;-1912;-1912;-1912;-1512
34869,337,34868,1.0,1912,4095,23170,12.1182,1,1,1,RUNNING,0,,-1912;-1912;-843;2183;2183;2183;2183;2088;1653;1353;1131;961;-673;-1912
34897,338,34896,1.0,1307,4095,25565,19.5601,1,1,0,RUNNING,0,,936;-1912;-1912;-1912;-1912;-1912;-1912;-1887;590;2183;2183;2183;2183;1948
34925,339,34924,1.0,2183,4095,23443,10.7389,1,1,1,RUNNING,0,,2183;2183;1890;1521;1257;1061;-1121;-1912;-1912;-1912;-1912;-1912;-1912;-755
34953,340,34952,1.0,1912,4095,22979,12.0183,1,1,1,RUNNING,0,,-1912;-1811;92;2183;2183;2183;2183;2183;1755;1423;1191;-56;-1912;-1912
34981,341,34980,1.0,1366,4095,26776,19.6018,1,1,0,RUNNING,0,,-1353;-1912;-1912;-1912;-1912;-1912;-1858;-1105;2183;2183;2183;2183;2183;1985
35009,342,35008,1.0,2183,4095,23089,10.5767,1,1,1,RUNNING,0,,2183;2183;1868;1499;1244;-185;-1912;-1912;-1912;-1912;-1912;-1912;-1663;792
35037,343,35036,1.0,1912,4095,25807,13.4974,1,1,1,RUNNING,0,,-1826;-1278;2183;2183;2183;2183;2183;2067;1635;1339;1011;-1912;-1912;-1912
35065,344,35064,1.0,1261,4095,26522,21.0325,1,1,0,RUNNING,0,,-1912;-1912;-1912;-1912;-1912;-1912;-1650;701;2183;2183;2183;2183;2183;1784
35093,345,35092,1.0,2183,4095,24074,11.0279,1,1,1,RUNNING,0,,2183;2089;1649;1348;1027;-1912;-1912;-1912;-1912;-1912;-1912;-1738;-385;2183
35121,346,35120,1.0,1912,4095,24732,12.9351,1,1,1,RUNNING,0,,-1652;621;2183;2183;2183;2183;2183;1795;1450;1211;-1352;-1912;-1912;-1912
35149,347,35148,1.0,1912,4095,26129,13.6658,1,1,1,RUNNING,0,,-1912;-1912;-1912;-1912;-1912;-1738;-434;2183;2183;2183;2183;2183;1938;1544
35177,348,35176,1.0,2183,4095,24717,11.3225,1,1,1,RUNNING,0,,2183;1785;1442;1208;-1217;-1912;-1912;-1912;-1912;-1912;-1846;-1333;1960;2183
35205,349,35204,1.0,1912,4095,23746,12.4195,1,1,1,RUNNING,0,,-349;2183;2183;2183;2183;2183;1902;1527;1255;150;-1912;-1912;-1912;-1912
35233,350,35232,1.0,1912,4095,26498,13.8588,1,1,1,RUNNING,0,,-1912;-1912;-1912;-1912;-1870;-1238;2072;2183;2183;2183;2183;2025;1599;1314
35261,351,35260,1.0,2183,4095,23251,10.6509,1,1,1,RUNNING,0,,1848;1487;1237;351;-1912;-1912;-1912;-1912;-1912;-1912;-1719;771;2183;2183
35289,352,35288,1.0,1896,4095,26383,13.9151,1,1,0,RUNNING,0,,2136;2183;2183;2183;2183;1981;1578;1303;1093;-1912;-1912;-1912;-1912;-1912
35317,353,35316,1.0,1912,4095,25159,13.1585,1,1,1,RUNNING,0,,-1912;-1912;-1912;-1912;-1699;914;2183;2183;2183;2183;2066;1633;1341;1126
35345,354,35344,1.0,2183,4095,23404,10.7210,1,1,1,RUNNING,0,,1489;1240;1045;-1511;-1912;-1912;-1912;-1912;-1912;-1893;117;2183;2183;2183
35373,355,35372,1.0,1389,4095,23970,17.2570,1,1,0,RUNNING,0,,2183;2183;2183;2183;1867;1498;1243;1048;-22;-1912;-1912;-1912;-1912;-1912
35401,356,35400,1.0,1912,4095,23375,12.2254,1,1,1,RUNNING,0,,-1912;-1912;-1912;-1880;502;2183;2183;2183;2183;1857;1493;1240;1045;890
35429,357,35428,1.0,1635,4095,22846,13.9731,1,1,0,RUNNING,0,,1129;961;499;-1912;-1912;-1912;-1912;-1912;-1912;-53;2183;2183;2183;2183
35457,358,35456,1.0,2183,4095,23072,10.5689,1,1,1,RUNNING,0,,2183;2183;2013;1599;1317;1102;939;802;-1374;-1912;-1912;-1912;-1912;-1912
35485,359,35484,1.0,1912,4095,20097,10.5110,1,1,1,RUNNING,0,,-1912;-1912;-1768;352;2183;2183;2183;1955;1559;1288;1080;920;787;15
35513,360,35512,1.0,1176,4095,22347,19.0026,1,1,0,RUNNING,0,,843;723;-962;-1912;-1912;-1912;-1912;-1912;-184;2183;2183;2183;1963;1563
35541,361,35540,1.0,2183,4095,19787,9.0641,1,1,1,RUNNING,0,,2183;1762;1416;1178;994;845;728;387;-1912;-1912;-1912;-1912;-1912;-734
35569,362,35568,1.0,1912,4095,19278,10.0826,1,1,1,RUNNING,0,,-1912;-1851;110;2183;2183;2174;1709;1386;1150;984;839;719;611;-1467
35597,363,35596,1.0,903,4095,21482,23.7896,1,1,0,RUNNING,0,,647;565;-1912;-1912;-1912;-1912;-1912;-414;1957;2183;2059;1635;1339;1123
35625,364,35624,1.0,2183,3343,16987,7.7815,1,1,1,RUNNING,0,,1431;1195;1007;856;733;626;536;-909;-1912;-1912;-1912;-1912;-849;1197
35653,365,35652,1.0,1912,3961,15899,8.3154,1,1,1,RUNNING,0,,-1798;-106;2007;2049;1637;1338;1117;952;812;696;581;498;396;-1912
35685,366,35684,1.0,1912,3792,15314,8.0094,1,1,1,RUNNING,0,,-1912;-1912;-581;1427;1880;1531;1267;1065;895;761;647;553;472;411
35718,367,35717,1.0,1912,3639,14725,7.7014,1,1,1,RUNNING,0,,-1912;-1912;-1048;869;1727;1443;1200;1007;856;729;630;536;461;395
35751,368,35750,1.0,1912,3479,14098,7.3734,1,1,1,RUNNING,0,,-1912;-1912;-1423;242;1567;1390;1154;985;840;717;606;520;447;383
35785,369,35784,1.0,1912,3295,12501,6.5382,1,1,1,RUNNING,0,,-1912;-1693;-267;1383;1356;1144;968;825;705;598;511;440;376;323
35818,370,35817,1.0,1912,3271,12941,6.7683,1,1,1,RUNNING,0,,-1912;-1912;-778;1038;1359;1153;977;830;711;601;517;444;381;328
35852,371,35851,1.0,1912,3248,11188,5.8515,1,1,1,RUNNING,0,,-1912;-1219;402;1336;1176;993;846;723;611;523;450;385;330;282
35885,372,35884,1.0,1912,3151,11077,5.7934,1,1,1,RUNNING,0,,-1912;-1522;-109;1239;1170;991;841;719;609;524;446;386;329;280
35918,373,35917,1.0,1912,3093,11773,6.1574,1,1,1,RUNNING,0,,-1912;-1786;-680;1001;1181;1009;857;730;621;533;456;389;331;287
35952,374,35951,1.0,1912,3088,10202,5.3358,1,1,1,RUNNING,0,,-1912;-1075;499;1176;1029;874;744;632;542;465;398;332;282;242
35985,375,35984,1.0,1912,3023,10025,5.2432,1,1,1,RUNNING,0,,-1912;-1416;-51;1111;1028;879;747;635;536;456;391;333;280;250
36018,376,36017,1.0,1791,2942,10681,5.9637,1,1,0,RUNNING,0,,-1912;-1660;-596;950;1030;875;745;631;536;458;401;343;294;250
36052,377,36051,1.0,1912,2810,9169,4.7955,1,0,1,RUNNING,0,,-1795;-991;553;1015;884;755;645;542;472;405;345;297;254;216
36085,378,36084,1.0,1811,2846,9168,5.0624,1,0,0,RUNNING,0,,-1848;-1346;-38;998;911;781;647;565;483;411;353;305;260;222
36119,379,36118,1.0,1770,2364,7713,4.3576,1,0,0,RUNNING,0,,-1498;-458;866;862;739;631;536;460;392;338;286;248;215;184
36152,380,36151,1.0,1596,2312,7399,4.6360,1,0,0,RUNNING,0,,-1525;-757;619;787;683;577;495;423;361;311;266;229;198;168
36186,381,36185,1.0,1416,1657,5286,3.7331,1,0,0,RUNNING,0,,-986;283;671;587;504;434;371;313;271;231;199;169;147;120
36219,382,36218,1.0,1215,1560,4341,3.5728,1,0,0,RUNNING,0,,-1034;-76;526;475;408;351;298;256;219;187;162;134;117;98
36253,383,36252,1.0,974,701,2910,2.9877,1,0,0,RUNNING,0,,-307;394;383;330;281;242;206;179;153;126;98;83;71;57
36286,384,36285,1.0,857,838,2542,2.9662,1,0,0,RUNNING,0,,-535;271;303;261;222;194;165;129;110;90;77;71;58;56
36320,385,36319,1.0,637,185,1369,2.1491,1,0,0,RUNNING,0,,143;214;189;152;125;106;89;74;61;57;52;43;35;29
36354,386,36353,1.0,507,124,885,1.7456,1,0,0,RUNNING,0,,143;122;104;88;79;66;56;51;43;35;30;25;24;19
36387,387,36386,1.0,492,100,796,1.6179,1,0,0,RUNNING,0,,107;117;98;85;71;61;55;45;37;30;27;24;22;17
36437,388,36436,1.0,476,99,732,1.5378,1,0,0,RUNNING,0,,114;111;95;82;69;59;43;35;26;23;19;22;19;15
36470,389,36469,1.0,470,123,871,1.8532,1,0,0,RUNNING,0,,91;142;119;94;77;65;55;49;44;37;31;24;24;19
36503,390,36502,1.0,589,266,1134,1.9253,1,0,0,RUNNING,0,,-98;168;152;123;106;88;79;71;59;53;43;37;31;26
36537,391,36536,1.0,705,178,1418,2.0113,1,0,0,RUNNING,0,,184;207;184;153;127;108;91;81;69;57;51;42;35;29
36570,392,36569,1.0,680,187,1461,2.1485,1,0,0,RUNNING,0,,107;218;200;171;148;120;103;88;73;61;55;47;39;31
36603,393,36602,1.0,680,373,1524,2.2412,1,0,0,RUNNING,0,,-157;216;203;173;150;121;103;88;74;66;56;47;39;31
36637,394,36636,1.0,694,182,1425,2.0533,1,0,0,RUNNING,0,,187;211;184;154;129;109;91;79;67;56;51;41;37;29
36670,395,36669,1.0,642,192,1386,2.1589,1,0,0,RUNNING,0,,85;216;193;163;135;119;99;83;72;59;54;44;40;24
36703,396,36702,1.0,729,479,1671,2.2922,1,0,0,RUNNING,0,,-245;234;221;193;157;129;107;89;74;63;54;42;35;28
36736,397,36735,1.0,813,860,2329,2.8647,1,0,0,RUNNING,0,,-594;213;266;232;201;171;146;113;92;79;67;56;54;45
36770,398,36769,1.0,802,329,1838,2.2918,1,0,0,RUNNING,0,,-28;301;270;222;189;161;133;111;101;87;72;62;56;45
36803,399,36802,1.0,917,832,2730,2.9771,1,0,0,RUNNING,0,,-505;305;327;280;237;211;181;153;128;110;90;80;67;56
36836,400,36835,1.0,1032,1185,3264,3.1628,1,0,0,RUNNING,0,,-802;183;383;340;287;247;213;184;153;127;110;91;78;66
36869,401,36868,1.0,921,1279,3350,3.6374,1,0,0,RUNNING,0,,-909;-151;370;341;293;250;215;183;157;130;110;91;83;67
36903,402,36902,1.0,936,824,2759,2.9476,1,0,0,RUNNING,0,,-485;318;339;292;242;213;184;153;127;111;91;81;67;56
36936,403,36935,1.0,906,1038,2825,3.1181,1,0,0,RUNNING,0,,-712;190;326;285;245;210;183;152;125;108;90;77;66;56
36970,404,36969,1.0,792,373,1934,2.4419,1,0,0,RUNNING,0,,-72;301;274;233;200;170;146;120;103;88;72;63;55;37
37003,405,37002,1.0,760,605,1989,2.6171,1,0,0,RUNNING,0,,-357;248;246;211;183;153;127;109;89;78;59;53;42;34
37037,406,37036,1.0,687,190,1426,2.0757,1,0,0,RUNNING,0,,166;220;191;165;135;115;88;75;63;55;43;43;37;30
37070,407,37069,1.0,648,203,1238,1.9105,1,0,0,RUNNING,0,,9;212;187;152;126;105;88;73;71;59;51;43;36;26
37104,408,37103,1.0,655,164,1291,1.9710,1,0,0,RUNNING,0,,189;187;159;130;111;100;87;72;63;54;45;36;33;25
37137,409,37136,1.0,632,166,1258,1.9905,1,0,0,RUNNING,0,,134;191;165;141;119;98;85;73;62;54;42;38;31;25
37170,410,37169,1.0,575,161,1078,1.8748,1,0,0,RUNNING,0,,18;179;158;130;111;94;80;71;57;49;42;37;28;24
37204,411,37203,1.0,646,160,1242,1.9226,1,0,0,RUNNING,0,,184;184;155;132;111;91;81;68;58;49;41;35;29;24
37237,412,37236,1.0,672,187,1429,2.1265,1,0,0,RUNNING,0,,152;216;186;161;133;114;94;82;71;60;51;45;35;29
37270,413,37269,1.0,755,423,1819,2.4093,1,0,0,RUNNING,0,,-159;264;246;209;184;152;126;107;91;79;70;56;42;34
37303,414,37302,1.0,829,786,2298,2.7720,1,0,0,RUNNING,0,,-509;254;277;238;197;167;145;118;95;84;69;56;50;39
37337,415,37336,1.0,785,238,1768,2.2522,1,0,0,RUNNING,0,,130;279;245;209;181;147;119;99;84;72;56;56;50;41
37370,416,37369,1.0,708,359,1570,2.2175,1,0,0,RUNNING,0,,-119;240;213;183;152;126;106;89;83;71;59;51;43;35
37404,417,37403,1.0,698,170,1366,1.9570,1,0,0,RUNNING,0,,188;199;168;151;123;104;88;75;65;56;48;41;31;29
37437,418,37436,1.0,598,158,1202,2.0100,1,0,0,RUNNING,0,,101;184;155;135;117;99;85;72;62;53;43;39;31;26
37470,419,37469,1.0,595,245,1182,1.9866,1,0,0,RUNNING,0,,-61;184;166;142;120;98;86;72;62;53;45;38;29;26
37504,420,37503,1.0,666,171,1316,1.9760,1,0,0,RUNNING,0,,185;196;169;132;119;101;86;74;61;54;45;39;30;25
37537,421,37536,1.0,646,186,1387,2.1471,1,0,0,RUNNING,0,,106;215;187;161;133;114;95;81;71;61;53;43;38;29
37570,422,37569,1.0,674,348,1451,2.1528,1,0,0,RUNNING,0,,-133;215;197;167;143;119;99;87;73;61;56;47;30;24
37604,423,37603,1.0,619,163,1160,1.8740,1,0,0,RUNNING,0,,170;178;152;125;107;90;79;68;52;42;35;24;23;15
37637,424,37636,1.0,599,170,1221,2.0384,1,0,0,RUNNING,0,,95;197;174;151;121;94;82;67;56;47;37;40;33;27
37670,425,37669,1.0,664,377,1421,2.1401,1,0,0,RUNNING,0,,-168;209;187;159;132;111;88;75;71;60;51;45;38;27
37704,426,37703,1.0,712,174,1387,1.9480,1,0,0,RUNNING,0,,175;201;173;148;129;107;92;79;68;58;51;43;36;27
37737,427,37736,1.0,653,184,1403,2.1485,1,0,0,RUNNING,0,,61;217;190;171;147;120;102;87;72;63;55;45;40;33
37770,428,37769,1.0,708,476,1710,2.4153,1,0,0,RUNNING,0,,-253;223;215;184;155;131;114;95;81;71;59;51;43;35
37803,429,37802,1.0,777,864,2332,3.0013,1,0,0,RUNNING,0,,-603;197;261;228;194;168;142;118;101;87;72;61;54;46
37837,430,37836,1.0,760,286,1750,2.3026,1,0,0,RUNNING,0,,-3;283;255;219;187;159;133;115;93;79;70;59;51;44
37870,431,37869,1.0,803,628,2168,2.6999,1,0,0,RUNNING,0,,-358;270;268;231;198;170;145;120;102;87;74;61;45;39
37903,432,37902,1.0,797,874,2296,2.8808,1,0,0,RUNNING,0,,-609;202;265;233;191;165;133;114;95;81;67;55;47;39
37937,433,37936,1.0,823,400,2011,2.4435,1,0,0,RUNNING,0,,-87;313;285;248;210;173;149;120;97;87;71;66;56;49
37970,434,37969,1.0,969,872,2874,2.9659,1,0,0,RUNNING,0,,-526;330;346;298;253;214;184;155;135;118;98;85;72;60
38003,435,38002,1.0,1061,1255,3386,3.1913,1,0,0,RUNNING,0,,-857;125;398;350;297;263;223;189;167;141;118;99;87;72
38036,436,38035,1.0,945,1318,3519,3.7238,1,0,0,RUNNING,0,,-939;-209;379;353;303;261;221;189;163;135;116;97;83;71
38070,437,38069,1.0,872,741,2456,2.8165,1,0,0,RUNNING,0,,-445;286;296;255;218;186;163;134;114;95;81;71;59;53
38104,438,38103,1.0,771,222,1755,2.2763,1,0,0,RUNNING,0,,174;261;231;194;169;145;120;99;86;72;63;55;47;39
38137,439,38136,1.0,732,311,1650,2.2541,1,0,0,RUNNING,0,,-56;255;233;200;171;147;120;103;87;74;62;56;47;39
38170,440,38169,1.0,789,704,2187,2.7719,1,0,0,RUNNING,0,,-445;248;259;223;193;165;141;117;99;85;71;60;44;37
38203,441,38202,1.0,852,1023,2623,3.0786,1,0,0,RUNNING,0,,-717;146;306;266;229;197;169;143;119;91;78;62;56;44
38237,442,38236,1.0,921,588,2448,2.6580,1,0,0,RUNNING,0,,-242;346;328;281;243;200;170;146;118;98;81;76;63;56
38270,443,38269,1.0,1057,1133,3421,3.2365,1,0,0,RUNNING,0,,-725;298;408;353;302;254;216;185;165;141;117;98;87;72
38303,444,38302,1.0,1173,1491,4024,3.4305,1,0,0,RUNNING,0,,-1020;-91;471;425;365;318;271;233;200;170;148;121;103;88
38336,445,38335,1.0,1175,1685,5045,4.2936,1,0,0,RUNNING,0,,-1181;-523;474;504;434;370;317;271;231;200;170;147;120;103
38370,446,38369,1.0,1185,1335,4124,3.4802,1,0,0,RUNNING,0,,-831;303;504;440;376;322;277;236;201;174;149;120;103;88
38403,447,38402,1.0,1117,1448,3924,3.5130,1,0,0,RUNNING,0,,-983;-87;465;424;361;311;264;226;195;168;135;119;99;87
38437,448,38436,1.0,1008,785,3108,3.0833,1,0,0,RUNNING,0,,-391;394;394;343;294;249;216;184;158;129;111;95;79;71
38470,449,38469,1.0,1016,1104,3284,3.2323,1,0,0,RUNNING,0,,-712;277;392;343;293;249;215;184;155;131;110;92;72;59
38503,450,38502,1.0,1074,1407,3706,3.4507,1,0,0,RUNNING,0,,-968;-128;439;401;335;281;242;205;175;149;120;103;88;72
38536,451,38535,1.0,1046,1539,4490,4.2925,1,0,0,RUNNING,0,,-1097;-497;423;442;383;328;273;232;198;168;141;116;104;88
38570,452,38569,1.0,1055,1165,3437,3.2578,1,0,0,RUNNING,0,,-757;264;408;355;302;255;216;194;167;141;119;101;86;72
38603,453,38602,1.0,958,1240,3154,3.2923,1,0,0,RUNNING,0,,-877;-61;363;328;279;233;211;182;152;125;109;90;81;63
38637,454,38636,1.0,946,736,2719,2.8742,1,0,0,RUNNING,0,,-392;341;344;296;249;216;184;157;129;111;92;81;69;58
38670,455,38669,1.0,950,1039,2993,3.1505,1,0,0,RUNNING,0,,-692;241;347;307;261;222;194;162;134;118;98;85;72;60
38703,456,38702,1.0,962,1284,3325,3.4563,1,0,0,RUNNING,0,,-905;-104;379;344;297;251;216;184;157;131;111;94;81;71
38737,457,38736,1.0,1064,948,3333,3.1325,1,0,0,RUNNING,0,,-535;381;413;357;309;260;221;191;163;135;118;95;84;71
38770,458,38769,1.0,1224,1484,4144,3.3856,1,0,0,RUNNING,0,,-973;103;511;456;387;332;282;246;209;181;153;124;101;86
38803,459,38802,1.0,1421,1952,5992,4.2167,1,0,0,RUNNING,0,,-1326;-539;601;626;536;461;393;337;288;239;202;174;150;120
38836,460,38835,1.0,1607,2460,7735,4.8133,1,0,0,RUNNING,0,,-1634;-1080;268;826;731;623;522;447;378;326;280;234;205;181
38869,461,38868,1.0,1704,2816,9859,5.7858,1,0,0,RUNNING,0,,-1894;-1560;-442;917;922;792;678;570;487;427;365;312;266;227
38903,462,38902,1.0,1912,3071,10178,5.3232,1,1,1,RUNNING,0,,-1912;-1110;446;1159;1018;878;744;632;540;463;396;342;290;248
38936,463,38935,1.0,1912,3219,12287,6.4263,1,1,1,RUNNING,0,,-1912;-1716;-334;1303;1307;1106;940;800;683;582;499;427;366;312
38969,464,38968,1.0,1912,3510,14171,7.4116,1,1,1,RUNNING,0,,-1912;-1912;-1105;699;1598;1369;1144;969;825;708;600;513;440;377
38997,465,38996,1.0,723,3796,18061,24.9806,1,1,0,RUNNING,0,,521;456;392;-1336;-1912;-1912;-1912;-1881;-334;1665;1884;1528;1265;1063
39025,466,39024,1.0,2169,3572,17718,8.1687,1,1,0,RUNNING,0,,1660;1354;1129;967;824;705;599;515;-911;-1912;-1912;-1912;-1912;-1406
39053,467,39052,1.0,1912,4095,18769,9.8164,1,1,1,RUNNING,0,,-1912;-1912;-1105;975;2183;2183;1915;1534;1271;1069;910;776;647;-377
39081,468,39080,1.0,1096,4095,23469,21.4133,1,1,0,RUNNING,0,,796;674;-1833;-1912;-1912;-1912;-1912;-1912;-311;2183;2183;2183;2090;1656
39109,469,39108,1.0,2183,4095,23587,10.8049,1,1,1,RUNNING,0,,2183;2183;1748;1412;1176;994;843;-1579;-1912;-1912;-1912;-1912;-1912;-1909
39137,470,39136,1.0,1912,4095,24389,12.7558,1,1,1,RUNNING,0,,-1912;-1912;-1707;915;2183;2183;2183;2183;1976;1570;1291;1092;-1370;-1912
39165,471,39164,1.0,1658,4095,25745,15.5277,1,1,0,RUNNING,0,,581;-1912;-1912;-1912;-1912;-1912;-1912;-1683;-1094;2183;2183;2183;2183;2183
39193,472,39192,1.0,2183,4095,26170,11.9881,1,1,1,RUNNING,0,,2183;2183;2183;2127;1686;1304;-1912;-1912;-1912;-1912;-1912;-1893;-1638;-1413
39221,473,39220,1.0,1912,4095,26516,13.8682,1,1,1,RUNNING,0,,-1774;-1527;-1313;2183;2183;2183;2183;2183;2183;1941;1550;-1489;-1912;-1912
39249,474,39248,1.0,1845,4095,25162,13.6379,1,1,0,RUNNING,0,,-1912;-1912;-1912;-1912;-1912;-1797;-1545;-1330;15;2183;2183;2183;2183;2183
39277,475,39276,1.0,2183,4095,25765,11.8026,1,1,1,RUNNING,0,,2183;2183;2183;2123;1671;-1912;-1912;-1912;-1912;-1912;-1814;-1561;-1337;-1150
39305,476,39304,1.0,1912,4095,24341,12.7306,1,1,1,RUNNING,0,,-1474;-1266;-296;2183;2183;2183;2183;2183;2183;1854;-617;-1912;-1912;-1912
39333,477,39332,1.0,1761,4095,26528,15.0642,1,1,0,RUNNING,0,,-1912;-1912;-1912;-1912;-1816;-1570;-1345;-1051;2183;2183;2183;2183;2183;2183
39361,478,39360,1.0,2183,4095,24755,11.3399,1,1,1,RUNNING,0,,2183;2183;2183;1738;195;-1912;-1912;-1912;-1912;-1912;-1757;-1512;-1261;2183
39389,479,39388,1.0,1912,4095,24697,12.9168,1,1,1,RUNNING,0,,-1507;3;2183;2183;2183;2183;2183;2083;1653;1354;-1446;-1912;-1912;-1912
39417,480,39416,1.0,1912,4095,25930,13.5617,1,1,1,RUNNING,0,,-1912;-1912;-1912;-1912;-1912;-1734;-262;2183;2183;2183;2183;2183;1922;1537
39445,481,39444,1.0,2183,4095,23144,10.6019,1,1,1,RUNNING,0,,2082;1649;1346;1135;-456;-1912;-1912;-1912;-1912;-1912;-1912;-638;2183;2183
39473,482,39472,1.0,1912,4095,21254,11.1161,1,1,1,RUNNING,0,,486;2183;2183;2183;2183;315;-37;1331;1551;1298;-1768;-1912;-1912;-1912
39501,483,39500,1.0,1912,4095,22403,11.7171,1,1,1,RUNNING,0,,-1912;-1912;-1912;-1850;-1436;575;2183;2183;2183;520;-1912;-1912;-1912;-1
39529,484,39528,1.0,1912,3935,21134,11.0533,1,1,1,RUNNING,0,,-1752;-1509;-1087;2183;1119;-1303;-1462;-1269;-1087;-471;1343;2183;2183;2183
39557,485,39556,1.0,2183,3936,15367,7.0394,1,1,1,RUNNING,0,,2183;2183;-1293;-1753;-1530;-1308;-1125;-967;-824;-293;965;-63;-486;-394
39586,486,39585,1.0,946,3774,14521,15.3499,1,1,0,RUNNING,0,,121;311;1247;2183;2183;-284;-1591;-1425;-1224;-1048;-904;-764;-665;-571
