Time(ms),Raw_ADC,ENV_Value,RMS,MDF,MW_Amp,MW_Area,MW_Latency,Marker
0,1859.7,22.7,0.0,0.0,0.0,0.0,0.0,
100,1866.2,17.9,0.0,0.0,0.0,0.0,0.0,
200,1864.6,19.4,0.0,0.0,0.0,0.0,0.0,
300,1864.3,16.1,0.0,0.0,0.0,0.0,0.0,
400,1861.4,18.3,0.0,0.0,0.0,0.0,0.0,
500,1863.0,17.4,0.0,210.9,0.0,0.0,0.0,
600,1859.9,16.0,0.0,193.4,0.0,0.0,0.0,
700,1860.2,15.8,0.0,168.0,0.0,0.0,0.0,
800,1861.5,16.2,0.0,154.3,0.0,0.0,0.0,
900,1859.5,99.5,30.9,187.5,0.0,0.0,0.0,
1000,1856.2,86.7,46.8,162.1,0.0,0.0,0.0,
1100,1854.7,75.1,65.3,125.0,0.0,0.0,0.0,
1200,1873.0,113.9,82.7,99.6,0.0,0.0,0.0,
1300,1867.5,113.1,95.6,99.6,0.0,0.0,0.0,
1400,1848.7,88.9,108.1,128.9,0.0,0.0,0.0,
1500,1848.1,38.3,118.4,128.9,0.0,0.0,0.0,
1600,1867.6,23.2,121.4,128.9,0.0,0.0,0.0,
1700,1861.3,17.6,121.6,128.9,0.0,0.0,0.0,
1900,1863.9,17.8,121.7,121.1,0.0,0.0,0.0,
2000,1863.5,17.0,114.5,119.1,0.0,0.0,0.0,
2100,1862.5,17.7,105.0,138.7,0.0,0.0,0.0,
2200,1861.5,16.5,91.9,195.3,0.0,0.0,0.0,
2300,1864.0,17.3,78.3,201.2,0.0,0.0,0.0,
2400,1860.1,12.1,60.0,201.2,0.0,0.0,0.0,
2500,1861.9,88.2,35.1,201.2,0.0,0.0,0.0,
2600,1861.0,122.3,41.3,160.2,0.0,0.0,0.0,
2700,1874.8,99.1,73.7,111.3,0.0,0.0,0.0,
2900,1857.7,117.5,112.6,128.9,0.0,0.0,0.0,
3000,1850.3,122.4,123.3,128.9,0.0,0.0,0.0,
3100,1866.0,50.5,134.1,130.9,0.0,0.0,0.0,
3200,1865.5,23.7,141.5,130.9,0.0,0.0,0.0,
3300,1863.0,16.9,141.6,128.9,0.0,0.0,0.0,
3400,1865.4,16.1,141.6,128.9,0.0,0.0,0.0,
3500,1860.9,17.1,141.7,128.9,0.0,0.0,0.0,
3600,1866.4,16.6,137.4,142.6,0.0,0.0,0.0,
3700,1864.8,16.2,122.9,214.8,0.0,0.0,0.0,
3900,1862.5,19.9,88.4,228.5,0.0,0.0,0.0,
4000,1859.2,14.1,72.7,197.3,0.0,0.0,0.0,
4100,1863.7,71.3,50.0,171.9,0.0,0.0,0.0,
4200,1865.1,130.7,45.6,148.4,0.0,0.0,0.0,
4300,1876.7,118.4,75.2,99.6,0.0,0.0,0.0,
4400,1870.0,99.1,97.6,105.5,0.0,0.0,0.0,
4500,1845.1,74.5,117.4,128.9,0.0,0.0,0.0,
4600,1855.4,120.5,127.0,130.9,0.0,0.0,0.0,
4700,1871.3,58.4,138.1,160.2,0.0,0.0,0.0,
4900,1863.6,16.8,146.8,128.9,0.0,0.0,0.0,
5000,1861.3,17.0,146.8,128.9,0.0,0.0,0.0,
5100,1863.0,16.1,146.8,130.9,0.0,0.0,0.0,
5200,1863.6,16.4,141.2,152.3,0.0,0.0,0.0,
5300,1864.4,16.5,127.8,232.4,0.0,0.0,0.0,
5400,1859.0,18.5,111.6,240.2,0.0,0.0,0.0,
5500,1859.9,13.2,90.6,228.5,0.0,0.0,0.0,
5600,1860.7,17.1,76.5,224.6,0.0,0.0,0.0,
5700,1862.8,61.7,54.0,228.5,0.0,0.0,0.0,
5900,1876.6,122.8,79.6,127.0,0.0,0.0,0.0,
6000,1871.6,125.6,98.5,128.9,0.0,0.0,0.0,
6100,1839.8,85.5,115.0,128.9,0.0,0.0,0.0,
6200,1850.2,81.3,126.0,130.9,0.0,0.0,0.0,
6300,1877.9,65.5,140.4,160.2,0.0,0.0,0.0,
6400,1865.0,19.7,148.4,130.9,0.0,0.0,0.0,
6500,1859.0,15.9,148.4,128.9,0.0,0.0,0.0,
6600,1864.5,18.4,148.5,128.9,0.0,0.0,0.0,
6700,1862.6,16.6,148.5,130.9,0.0,0.0,0.0,
6900,1863.5,16.1,127.0,169.9,0.0,0.0,0.0,
7000,1864.7,15.6,113.0,158.2,0.0,0.0,0.0,
7100,1862.5,17.1,96.2,164.1,0.0,0.0,0.0,
7200,1861.5,17.3,81.2,189.5,0.0,0.0,0.0,
7300,1862.0,75.1,52.7,205.1,0.0,0.0,0.0,
7400,1878.1,95.4,50.7,162.1,0.0,0.0,0.0,
7500,1859.7,83.2,80.1,128.9,0.0,0.0,0.0,
7600,1861.1,108.7,99.2,128.9,0.0,0.0,0.0,
7700,1846.7,108.2,111.7,130.9,0.0,0.0,0.0,
7900,1872.0,77.4,138.1,162.1,0.0,0.0,0.0,
8000,1868.1,25.8,145.2,128.9,0.0,0.0,0.0,
8100,1857.6,16.7,145.4,128.9,0.0,0.0,0.0,
8200,1865.1,15.0,145.5,130.9,0.0,0.0,0.0,
8300,1860.8,14.6,145.4,130.9,0.0,0.0,0.0,
8400,1862.8,18.0,138.0,128.9,0.0,0.0,0.0,
8500,1865.5,18.5,123.2,181.6,0.0,0.0,0.0,
8600,1858.8,18.1,108.5,179.7,0.0,0.0,0.0,
8700,1859.8,21.1,95.6,142.6,0.0,0.0,0.0,
8900,1859.2,74.9,50.5,154.3,0.0,0.0,0.0,
9000,1870.2,112.7,42.0,164.1,0.0,0.0,0.0,
9100,1865.5,104.0,72.1,132.8,0.0,0.0,0.0,
9200,1838.9,69.8,99.3,128.9,0.0,0.0,0.0,
9300,1864.2,116.8,109.0,130.9,0.0,0.0,0.0,
9400,1876.4,113.5,120.9,162.1,0.0,0.0,0.0,
9500,1868.5,97.6,132.9,130.9,0.0,0.0,0.0,
9600,1845.8,18.2,145.5,128.9,0.0,0.0,0.0,
9700,1858.3,14.4,145.4,130.9,0.0,0.0,0.0,
9900,1858.5,16.9,145.4,222.7,0.0,0.0,0.0,
10000,1860.4,14.6,141.1,210.9,0.0,0.0,0.0,
10100,1861.8,14.5,128.1,175.8,0.0,0.0,0.0,
10200,1863.5,16.1,108.3,205.1,0.0,0.0,0.0,
10300,1862.8,14.5,98.6,234.4,0.0,0.0,0.0,
10400,1862.5,16.0,83.7,234.4,0.0,0.0,0.0,
10500,1862.9,15.1,62.9,210.9,0.0,0.0,0.0,
10600,1869.0,111.0,37.4,152.3,0.0,0.0,0.0,
10700,1871.1,114.1,64.7,134.8,0.0,0.0,0.0,
10900,1854.3,69.8,100.1,189.5,0.0,0.0,0.0,
11000,1877.3,105.2,111.9,195.3,0.0,0.0,0.0,
11100,1871.0,119.0,122.6,162.1,0.0,0.0,0.0,
11200,1846.3,21.0,136.6,130.9,0.0,0.0,0.0,
11300,1859.0,18.5,136.6,160.2,0.0,0.0,0.0,
11400,1861.4,18.5,136.6,224.6,0.0,0.0,0.0,
11500,1864.2,15.0,136.7,255.9,0.0,0.0,0.0,
11600,1859.9,15.2,133.1,212.9,0.0,0.0,0.0,
11700,1861.8,17.2,122.2,156.3,0.0,0.0,0.0,
11900,1860.2,17.5,95.4,185.5,0.0,0.0,0.0,
12000,1863.0,16.9,81.4,179.7,0.0,0.0,0.0,
12100,1862.3,15.9,64.1,171.9,0.0,0.0,0.0,
12200,1864.2,71.2,37.3,171.9,0.0,0.0,0.0,
12300,1878.0,127.2,63.4,136.7,0.0,0.0,0.0,
12400,1847.0,90.3,87.6,130.9,0.0,0.0,0.0,
12500,1853.8,75.1,97.7,162.1,0.0,0.0,0.0,
12600,1872.5,70.2,109.3,199.2,0.0,0.0,0.0,
12700,1876.0,115.0,121.6,162.1,0.0,0.0,0.0,
12900,1857.6,18.0,134.6,130.9,0.0,0.0,0.0,
13000,1861.8,17.1,134.6,193.4,0.0,0.0,0.0,
13100,1865.1,16.2,134.6,255.9,0.0,0.0,0.0,
13200,1861.2,17.9,131.2,252.0,0.0,0.0,0.0,
13300,1861.1,17.3,120.8,175.8,0.0,0.0,0.0,
13400,1860.1,21.4,104.5,148.4,0.0,0.0,0.0,
13500,1861.6,15.6,95.2,148.4,0.0,0.0,0.0,
13600,1859.1,13.9,81.5,146.5,0.0,0.0,0.0,
13700,1861.8,12.8,61.7,146.5,0.0,0.0,0.0,
13900,1861.5,80.6,65.0,181.6,0.0,0.0,0.0,
14000,1850.1,91.0,87.9,191.4,0.0,0.0,0.0,
14100,1866.5,94.4,95.5,224.6,0.0,0.0,0.0,
14200,1873.9,80.2,108.2,226.6,0.0,0.0,0.0,
14300,1863.8,76.1,121.4,156.3,289.0,1097.0,8.0,
14400,1841.5,21.4,135.5,128.9,289.0,1097.0,8.0,
14500,1860.1,16.3,135.4,191.4,289.0,1097.0,8.0,
14600,1865.6,15.7,135.4,257.8,289.0,1097.0,8.0,
14700,1861.6,14.0,135.4,259.8,289.0,1097.0,8.0,
14900,1860.5,13.3,120.7,220.7,289.0,1097.0,8.0,
15000,1862.8,13.6,105.1,212.9,289.0,1097.0,8.0,
15100,1862.3,12.5,98.2,214.8,289.0,1097.0,8.0,
15200,1860.7,16.3,84.0,214.8,289.0,1097.0,8.0,
15300,1865.1,15.9,63.4,199.2,289.0,1097.0,8.0,
15400,1861.7,102.7,19.7,195.3,289.0,1097.0,8.0,
15500,1851.5,76.1,61.0,218.8,289.0,1097.0,8.0,
15600,1835.8,56.0,84.3,257.8,289.0,1097.0,8.0,
15700,1873.6,79.8,91.0,259.8,289.0,1097.0,8.0,
15900,1857.6,79.6,113.1,132.8,352.0,1265.0,9.0,
16000,1839.0,24.0,129.1,130.9,352.0,1265.0,9.0,
16100,1863.4,19.5,129.6,255.9,352.0,1265.0,9.0,
16200,1862.7,17.3,129.7,261.7,352.0,1265.0,9.0,
16300,1863.0,15.3,129.7,257.8,352.0,1265.0,9.0,
16400,1862.5,15.4,129.7,164.1,352.0,1265.0,9.0,
16500,1864.2,16.6,116.2,123.0,352.0,1265.0,9.0,
16600,1859.6,16.8,100.5,136.7,352.0,1265.0,9.0,
16700,1863.1,16.2,94.5,173.8,352.0,1265.0,9.0,
16900,1860.3,15.3,66.4,210.9,352.0,1265.0,9.0,
17000,1858.3,88.6,23.5,234.4,352.0,1265.0,9.0,
17100,1867.4,85.8,45.5,95.7,352.0,1265.0,9.0,
17200,1860.8,75.3,57.4,68.4,352.0,1265.0,9.0,
17300,1849.4,62.9,67.9,66.4,352.0,1265.0,9.0,
17400,1863.9,67.9,77.3,66.4,352.0,1265.0,9.0,
17500,1863.5,85.9,84.0,66.4,352.0,1265.0,9.0,
17600,1862.7,24.9,90.2,66.4,352.0,1265.0,9.0,
17700,1857.9,15.5,92.1,95.7,352.0,1265.0,9.0,
17900,1860.8,15.7,92.1,95.7,352.0,1265.0,9.0,
18000,1859.7,15.1,92.1,95.7,352.0,1265.0,9.0,
18100,1866.5,12.8,82.8,181.6,352.0,1265.0,9.0,
18200,1862.0,12.1,74.7,158.2,352.0,1265.0,9.0,
18300,1859.4,11.3,65.3,166.0,352.0,1265.0,9.0,
18400,1858.0,10.8,53.6,193.4,352.0,1265.0,9.0,
18500,1861.2,12.1,42.1,236.3,352.0,1265.0,9.0,
18600,1860.9,60.2,26.1,240.2,352.0,1265.0,9.0,
18700,1866.1,79.3,38.5,123.0,352.0,1265.0,9.0,
18900,1858.1,72.1,61.3,66.4,352.0,1265.0,9.0,
19000,1848.0,62.6,71.5,66.4,352.0,1265.0,9.0,
19100,1870.5,57.5,80.1,66.4,352.0,1265.0,9.0,
19200,1861.8,26.1,86.8,66.4,352.0,1265.0,9.0,
19300,1859.0,16.8,88.9,95.7,352.0,1265.0,9.0,
19400,1855.8,12.4,89.0,95.7,352.0,1265.0,9.0,
19500,1860.0,14.6,89.0,87.9,352.0,1265.0,9.0,
19600,1862.5,14.2,89.0,93.8,352.0,1265.0,9.0,
19700,1862.5,15.9,82.2,210.9,352.0,1265.0,9.0,
19900,1860.8,12.8,66.9,207.0,352.0,1265.0,9.0,
20000,1861.3,12.8,55.9,228.5,352.0,1265.0,9.0,
20100,1865.3,13.7,42.4,234.4,352.0,1265.0,9.0,
20200,1859.7,73.6,26.5,216.8,352.0,1265.0,9.0,
20300,1858.4,57.6,37.1,127.0,352.0,1265.0,9.0,
20400,1868.0,74.2,49.4,68.4,352.0,1265.0,9.0,
20500,1860.1,80.7,59.5,66.4,352.0,1265.0,9.0,
20600,1860.5,75.8,67.3,66.4,352.0,1265.0,9.0,
20700,1858.1,63.4,75.3,66.4,352.0,1265.0,9.0,
20900,1861.8,18.9,85.4,95.7,352.0,1265.0,9.0,
21000,1863.2,14.6,85.4,95.7,352.0,1265.0,9.0,
21100,1860.0,15.2,85.5,93.8,352.0,1265.0,9.0,
21200,1863.4,14.3,85.5,93.8,352.0,1265.0,9.0,
21300,1866.0,11.7,79.1,146.5,352.0,1265.0,9.0,
21400,1862.9,13.2,72.0,179.7,352.0,1265.0,9.0,
21500,1857.8,13.5,64.0,195.3,352.0,1265.0,9.0,
21600,1863.8,14.4,55.7,210.9,352.0,1265.0,9.0,
21700,1863.8,13.5,44.5,209.0,352.0,1265.0,9.0,
21900,1867.0,68.9,31.0,148.4,352.0,1265.0,9.0,
22000,1853.3,62.7,44.6,68.4,352.0,1265.0,9.0,
22100,1865.4,67.9,55.8,66.4,352.0,1265.0,9.0,
22200,1866.9,79.6,64.7,66.4,352.0,1265.0,9.0,
22300,1861.9,75.3,72.0,66.4,352.0,1265.0,9.0,
22400,1857.3,36.0,79.5,66.4,352.0,1265.0,9.0,
22500,1865.5,25.8,83.4,95.7,352.0,1265.0,9.0,
22600,1864.7,14.1,83.6,66.4,352.0,1265.0,9.0,
22700,1861.7,13.6,83.5,68.4,352.0,1265.0,9.0,
22900,1862.3,14.1,79.9,101.6,352.0,1265.0,9.0,
23000,1861.7,12.9,73.1,171.9,352.0,1265.0,9.0,
23100,1866.4,13.8,64.9,210.9,352.0,1265.0,9.0,
23200,1864.2,16.0,56.0,185.5,352.0,1265.0,9.0,
23300,1862.3,16.2,46.3,173.8,352.0,1265.0,9.0,
23400,1863.8,63.4,32.0,195.3,352.0,1265.0,9.0,
23500,1867.5,80.4,32.2,185.5,352.0,1265.0,9.0,
23600,1861.7,75.0,43.3,66.4,352.0,1265.0,9.0,
23700,1850.0,59.6,55.7,66.4,352.0,1265.0,9.0,
23900,1860.8,83.2,73.5,66.4,352.0,1265.0,9.0,
24000,1862.2,38.6,79.9,95.7,352.0,1265.0,9.0,
24100,1861.3,19.0,84.1,95.7,352.0,1265.0,9.0,
24200,1866.2,14.0,84.1,95.7,352.0,1265.0,9.0,
24300,1862.8,14.1,84.1,93.8,352.0,1265.0,9.0,
24400,1862.8,14.8,84.1,91.8,352.0,1265.0,9.0,
24500,1861.8,12.8,80.1,128.9,352.0,1265.0,9.0,
24600,1861.5,12.6,74.5,185.5,352.0,1265.0,9.0,
24700,1862.7,13.3,65.7,216.8,352.0,1265.0,9.0,
24900,1865.2,12.9,45.0,214.8,352.0,1265.0,9.0,
25000,1861.1,51.8,32.1,214.8,352.0,1265.0,9.0,
25100,1859.9,75.2,32.0,175.8,352.0,1265.0,9.0,
25200,1860.6,87.4,45.6,68.4,352.0,1265.0,9.0,
25300,1863.5,74.1,55.8,66.4,352.0,1265.0,9.0,
25400,1860.6,61.5,65.3,66.4,352.0,1265.0,9.0,
25500,1866.9,61.8,74.0,66.4,352.0,1265.0,9.0,
25600,1860.6,47.5,81.4,95.7,352.0,1265.0,9.0,
25700,1856.1,17.4,85.9,95.7,352.0,1265.0,9.0,
25900,1864.4,15.7,85.9,66.4,352.0,1265.0,9.0,
26000,1862.7,14.7,86.0,70.3,352.0,1265.0,9.0,
26100,1862.5,16.0,82.0,113.3,352.0,1265.0,9.0,
26200,1863.0,13.7,75.2,168.0,352.0,1265.0,9.0,
26300,1858.6,14.7,68.1,193.4,352.0,1265.0,9.0,
26400,1862.0,17.3,59.0,187.5,352.0,1265.0,9.0,
26500,1862.0,14.5,47.8,169.9,352.0,1265.0,9.0,
26600,1858.8,55.3,33.7,197.3,352.0,1265.0,9.0,
26700,1856.8,64.7,30.3,197.3,352.0,1265.0,9.0,
26900,1863.6,83.3,57.1,66.4,352.0,1265.0,9.0,
27000,1861.9,73.4,65.4,66.4,352.0,1265.0,9.0,
27100,1854.6,60.6,73.5,66.4,352.0,1265.0,9.0,
27200,1859.6,52.3,81.9,95.7,352.0,1265.0,9.0,
27300,1860.9,19.1,86.3,66.4,352.0,1265.0,9.0,
27400,1859.3,17.1,86.3,66.4,352.0,1265.0,9.0,
27500,1862.1,14.5,86.3,66.4,352.0,1265.0,9.0,
27600,1861.6,16.5,86.3,80.1,352.0,1265.0,9.0,
27700,1861.4,13.1,83.3,101.6,352.0,1265.0,9.0,
27900,1862.5,14.8,67.8,132.8,352.0,1265.0,9.0,
28000,1861.9,14.7,59.9,152.3,352.0,1265.0,9.0,
28100,1856.5,15.8,49.6,166.0,352.0,1265.0,9.0,
28200,1858.6,74.5,34.0,203.1,352.0,1265.0,9.0,
28300,1866.5,95.9,32.2,210.9,352.0,1265.0,9.0,
28400,1846.2,71.3,56.1,68.4,352.0,1265.0,9.0,
28500,1873.4,64.1,68.8,66.4,352.0,1265.0,9.0,
28600,1864.6,87.2,77.0,66.4,352.0,1265.0,9.0,
28700,1859.2,87.0,83.7,66.4,352.0,1265.0,9.0,
28900,1865.2,17.9,96.5,95.7,352.0,1265.0,9.0,
29000,1857.3,15.6,96.6,66.4,352.0,1265.0,9.0,
29100,1862.0,14.1,96.7,68.4,352.0,1265.0,9.0,
29200,1862.4,13.9,96.6,91.8,352.0,1265.0,9.0,
29300,1860.3,15.5,93.3,121.1,352.0,1265.0,9.0,
29400,1862.5,14.7,81.2,199.2,352.0,1265.0,9.0,
29500,1863.2,12.7,70.7,183.6,352.0,1265.0,9.0,
29600,1861.3,15.3,61.6,191.4,352.0,1265.0,9.0,
29700,1862.2,14.9,52.1,220.7,352.0,1265.0,9.0,
29900,1864.4,86.0,27.7,197.3,352.0,1265.0,9.0,
30000,1855.8,78.4,42.4,74.2,352.0,1265.0,9.0,
30100,1863.6,63.2,54.1,66.4,352.0,1265.0,9.0,
30200,1863.7,59.5,63.4,66.4,352.0,1265.0,9.0,
30300,1862.0,82.6,71.4,66.4,352.0,1265.0,9.0,
30400,1860.6,79.2,78.0,66.4,352.0,1265.0,9.0,
30500,1864.5,18.4,84.4,66.4,352.0,1265.0,9.0,
30600,1858.7,16.8,84.4,66.4,352.0,1265.0,9.0,
30700,1862.2,15.7,84.4,66.4,352.0,1265.0,9.0,
30900,1861.5,15.2,82.1,99.6,352.0,1265.0,9.0,
31000,1859.4,15.1,75.4,203.1,352.0,1265.0,9.0,
31100,1863.5,15.3,67.4,199.2,352.0,1265.0,9.0,
31200,1859.9,16.1,58.8,191.4,352.0,1265.0,9.0,
31300,1858.6,15.8,48.8,199.2,352.0,1265.0,9.0,
31400,1860.7,13.1,37.3,222.7,352.0,1265.0,9.0,
31500,1854.9,61.7,25.7,238.3,352.0,1265.0,9.0,
31600,1870.5,81.3,38.2,97.7,352.0,1265.0,9.0,
31700,1857.7,77.1,48.5,64.5,352.0,1265.0,9.0,
31900,1857.1,58.6,68.4,66.4,352.0,1265.0,9.0,
32000,1865.5,84.5,75.8,66.4,352.0,1265.0,9.0,
32100,1861.6,21.4,82.3,66.4,352.0,1265.0,9.0,
32200,1858.7,17.1,82.4,66.4,352.0,1265.0,9.0,
32300,1862.5,15.8,82.4,87.9,352.0,1265.0,9.0,
32400,1861.3,12.8,82.4,93.8,352.0,1265.0,9.0,
32500,1864.3,14.4,80.5,117.2,352.0,1265.0,9.0,
32600,1862.4,14.3,75.4,224.6,352.0,1265.0,9.0,
32700,1859.9,14.1,69.2,228.5,352.0,1265.0,9.0,
32900,1865.5,15.2,49.6,203.1,352.0,1265.0,9.0,
33000,1862.8,14.6,37.3,210.9,352.0,1265.0,9.0,
33100,1856.1,55.6,21.6,214.8,352.0,1265.0,9.0,
33200,1870.6,63.2,37.4,97.7,352.0,1265.0,9.0,
33300,1863.4,88.3,49.8,68.4,352.0,1265.0,9.0,
33400,1860.3,79.4,59.7,66.4,352.0,1265.0,9.0,
33500,1855.0,62.3,68.1,66.4,352.0,1265.0,9.0,
33600,1866.1,56.5,76.9,66.4,352.0,1265.0,9.0,
33700,1866.1,19.9,83.8,66.4,352.0,1265.0,9.0,
33900,1864.5,15.6,84.0,66.4,352.0,1265.0,9.0,
34000,1865.0,13.2,84.1,66.4,352.0,1265.0,9.0,
34100,1864.2,12.7,83.4,91.8,352.0,1265.0,9.0,
34200,1860.7,13.0,77.5,164.1,352.0,1265.0,9.0,
34300,1860.5,14.6,70.1,224.6,352.0,1265.0,9.0,
34400,1864.8,17.0,61.9,209.0,352.0,1265.0,9.0,
34500,1864.6,16.5,52.6,164.1,352.0,1265.0,9.0,
34600,1859.5,12.0,38.5,138.7,352.0,1265.0,9.0,
34700,1860.4,72.9,19.0,169.9,352.0,1265.0,9.0,
34900,1863.4,64.1,49.5,66.4,352.0,1265.0,9.0,
35000,1860.9,84.2,59.7,64.5,352.0,1265.0,9.0,
35100,1857.8,83.1,68.2,66.4,352.0,1265.0,9.0,
35200,1863.9,64.7,76.0,66.4,352.0,1265.0,9.0,
35300,1860.0,21.2,83.6,66.4,352.0,1265.0,9.0,
35400,1861.6,16.0,83.8,66.4,352.0,1265.0,9.0,
35500,1861.3,71.3,83.8,66.4,352.0,1265.0,9.0,
35600,1857.0,22.6,90.7,72.3,352.0,1265.0,9.0,
35700,1861.2,14.2,90.9,68.4,352.0,1265.0,9.0,
35900,1860.3,21.7,86.2,60.5,352.0,1265.0,9.0,
36000,1862.6,16.1,79.5,60.5,352.0,1265.0,9.0,
36100,1861.1,91.4,72.3,58.6,352.0,1265.0,9.0,
36200,1861.6,19.3,73.9,60.5,352.0,1265.0,9.0,
36300,1861.2,87.1,65.2,60.5,352.0,1265.0,9.0,
36400,1865.6,138.1,72.3,60.5,352.0,1265.0,9.0,
36500,1852.8,68.4,90.4,62.5,352.0,1265.0,9.0,
36600,1863.6,54.3,90.5,64.5,352.0,1265.0,9.0,
36700,1867.9,113.6,95.9,64.5,352.0,1265.0,9.0,
36900,1859.7,23.7,104.7,66.4,352.0,1265.0,9.0,
37000,1858.5,15.4,106.3,85.9,352.0,1265.0,9.0,
37100,1860.8,15.7,106.4,68.4,352.0,1265.0,9.0,
37200,1859.1,13.5,99.9,66.4,352.0,1265.0,9.0,
37300,1865.0,16.1,99.8,87.9,352.0,1265.0,9.0,
37400,1861.3,14.1,94.7,132.8,352.0,1265.0,9.0,
37500,1858.8,13.3,77.6,156.3,352.0,1265.0,9.0,
37600,1862.6,14.8,69.2,187.5,352.0,1265.0,9.0,
37700,1861.4,13.5,61.4,197.3,352.0,1265.0,9.0,
37900,1862.6,61.9,26.5,207.0,352.0,1265.0,9.0,
38000,1867.4,94.8,38.7,107.4,352.0,1265.0,9.0,
38100,1856.0,79.4,51.5,66.4,352.0,1265.0,9.0,
38200,1858.3,64.8,61.9,66.4,352.0,1265.0,9.0,
38300,1862.7,56.8,71.5,66.4,352.0,1265.0,9.0,
38400,1865.4,84.5,79.2,66.4,352.0,1265.0,9.0,
38500,1856.5,25.5,86.2,66.4,352.0,1265.0,9.0,
38600,1859.4,17.4,88.4,66.4,352.0,1265.0,9.0,
38700,1863.3,17.9,88.3,66.4,352.0,1265.0,9.0,
38900,1862.8,13.7,88.5,74.2,352.0,1265.0,9.0,
39000,1856.8,14.5,81.9,152.3,352.0,1265.0,9.0,
39100,1862.2,13.8,74.4,152.3,352.0,1265.0,9.0,
39200,1861.0,13.9,66.0,185.5,352.0,1265.0,9.0,
39300,1864.8,16.2,55.5,209.0,352.0,1265.0,9.0,
39400,1863.5,15.7,43.8,179.7,352.0,1265.0,9.0,
39500,1863.0,53.9,27.6,179.7,352.0,1265.0,9.0,
39600,1858.8,54.4,33.7,146.5,352.0,1265.0,9.0,
39700,1863.7,80.1,43.9,66.4,352.0,1265.0,9.0,
39900,1858.9,63.4,62.2,64.5,352.0,1265.0,9.0,
40000,1859.4,58.4,71.5,66.4,352.0,1265.0,9.0,
40100,1860.9,28.9,78.7,66.4,352.0,1265.0,9.0,
40200,1859.3,17.0,80.5,66.4,352.0,1265.0,9.0,
40300,1864.3,14.4,80.5,66.4,352.0,1265.0,9.0,
40400,1860.9,14.7,80.5,68.4,352.0,1265.0,9.0,
40500,1860.7,14.3,80.4,91.8,352.0,1265.0,9.0,
40600,1859.1,13.9,75.6,175.8,352.0,1265.0,9.0,
40700,1861.8,11.7,70.2,187.5,352.0,1265.0,9.0,
40900,1863.3,16.1,54.5,214.8,352.0,1265.0,9.0,
41000,1859.3,12.7,41.6,207.0,352.0,1265.0,9.0,
41100,1864.8,60.3,25.4,203.1,352.0,1265.0,9.0,
41200,1857.0,60.4,30.3,179.7,352.0,1265.0,9.0,
41300,1858.2,56.9,43.6,68.4,352.0,1265.0,9.0,
41400,1866.7,80.5,54.4,66.4,352.0,1265.0,9.0,
41500,1864.1,82.8,62.8,66.4,352.0,1265.0,9.0,
41600,1860.5,63.3,71.3,66.4,352.0,1265.0,9.0,
41700,1857.0,34.7,79.4,66.4,352.0,1265.0,9.0,
41900,1862.0,15.7,82.2,66.4,352.0,1265.0,9.0,
42000,1862.4,18.2,82.2,66.4,352.0,1265.0,9.0,
42100,1862.4,14.3,82.3,82.0,352.0,1265.0,9.0,
42200,1860.2,15.5,78.9,209.0,352.0,1265.0,9.0,
42300,1862.3,18.3,72.4,210.9,352.0,1265.0,9.0,
42400,1865.6,13.6,64.7,214.8,352.0,1265.0,9.0,
42500,1860.0,13.6,56.6,232.4,352.0,1265.0,9.0,
42600,1861.2,17.2,45.5,220.7,352.0,1265.0,9.0,
42700,1858.6,71.8,29.1,214.8,352.0,1265.0,9.0,
42900,1860.8,62.3,42.2,66.4,352.0,1265.0,9.0,
43000,1861.7,57.5,55.5,64.5,352.0,1265.0,9.0,
43100,1864.9,83.5,64.5,66.4,352.0,1265.0,9.0,
43200,1859.7,74.5,72.6,66.4,352.0,1265.0,9.0,
43300,1861.6,31.7,79.1,66.4,352.0,1265.0,9.0,
43400,1859.5,16.1,82.8,66.4,352.0,1265.0,9.0,
43500,1864.1,17.9,82.8,66.4,352.0,1265.0,9.0,
43600,1859.6,14.2,82.9,91.8,352.0,1265.0,9.0,
43700,1862.1,17.7,82.9,93.8,352.0,1265.0,9.0,
43900,1861.0,12.3,74.4,181.6,352.0,1265.0,9.0,
44000,1865.1,16.0,65.0,212.9,352.0,1265.0,9.0,
44100,1862.8,18.1,55.9,218.8,352.0,1265.0,9.0,
44200,1861.5,12.9,44.9,207.0,352.0,1265.0,9.0,
44300,1858.9,44.6,31.9,199.2,352.0,1265.0,9.0,
44400,1861.4,75.7,30.4,197.3,352.0,1265.0,9.0,
44500,1862.3,74.4,41.5,74.2,352.0,1265.0,9.0,
44600,1864.0,64.7,52.1,66.4,352.0,1265.0,9.0,
44700,1856.5,55.1,64.3,66.4,352.0,1265.0,9.0,
44900,1864.6,42.3,78.5,66.4,352.0,1265.0,9.0,
45000,1860.9,13.3,83.0,66.4,352.0,1265.0,9.0,
45100,1859.2,13.9,82.9,80.1,352.0,1265.0,9.0,
45200,1860.4,14.3,82.9,78.1,352.0,1265.0,9.0,
45300,1863.9,14.8,82.9,87.9,352.0,1265.0,9.0,
45400,1861.7,13.9,79.7,175.8,352.0,1265.0,9.0,
45500,1858.8,18.1,74.5,210.9,352.0,1265.0,9.0,
45600,1861.6,15.5,67.6,210.9,352.0,1265.0,9.0,
45700,1862.6,13.5,56.0,236.3,352.0,1265.0,9.0,
45900,1860.8,47.1,33.0,210.9,352.0,1265.0,9.0,
46000,1862.7,44.4,28.3,193.4,352.0,1265.0,9.0,
46100,1865.0,78.8,36.9,74.2,352.0,1265.0,9.0,
46200,1860.5,78.0,47.5,66.4,352.0,1265.0,9.0,
46300,1855.9,72.2,56.9,66.4,352.0,1265.0,9.0,
46400,1858.0,59.1,69.0,66.4,352.0,1265.0,9.0,
46500,1868.1,47.3,77.1,66.4,352.0,1265.0,9.0,
46600,1859.0,17.8,81.1,66.4,352.0,1265.0,9.0,
46700,1859.9,15.7,81.1,66.4,352.0,1265.0,9.0,
46900,1861.9,16.1,81.2,93.8,352.0,1265.0,9.0,
47000,1858.6,13.6,78.5,125.0,352.0,1265.0,9.0,
47100,1864.3,14.5,74.8,168.0,352.0,1265.0,9.0,
47200,1861.1,16.4,68.6,203.1,352.0,1265.0,9.0,
47300,1860.0,15.5,61.1,209.0,352.0,1265.0,9.0,
47400,1864.7,15.0,47.0,232.4,352.0,1265.0,9.0,
47500,1860.9,49.9,32.0,240.2,352.0,1265.0,9.0,
47600,1865.9,52.3,25.4,214.8,352.0,1265.0,9.0,
47700,1860.7,50.5,38.5,85.9,352.0,1265.0,9.0,
47900,1855.5,77.3,58.8,64.5,352.0,1265.0,9.0,
48000,1864.9,71.2,66.9,66.4,352.0,1265.0,9.0,
48100,1856.9,56.7,75.7,66.4,352.0,1265.0,9.0,
48200,1867.2,16.4,80.6,66.4,352.0,1265.0,9.0,
48300,1858.3,17.6,80.6,66.4,352.0,1265.0,9.0,
48400,1862.8,14.0,80.6,68.4,352.0,1265.0,9.0,
48500,1861.7,15.6,80.6,93.8,352.0,1265.0,9.0,
48600,1862.0,13.2,79.0,128.9,352.0,1265.0,9.0,
48700,1862.1,15.8,73.5,195.3,352.0,1265.0,9.0,
48900,1861.4,15.1,58.5,209.0,352.0,1265.0,9.0,easy
49000,1862.7,19.8,49.1,212.9,352.0,1265.0,9.0,
49100,1861.2,45.5,34.2,203.1,352.0,1265.0,9.0,
49200,1864.3,65.9,26.3,175.8,352.0,1265.0,9.0,
49300,1860.2,66.6,36.6,91.8,352.0,1265.0,9.0,
49400,1858.3,60.2,51.9,66.4,352.0,1265.0,9.0,
49500,1864.3,79.4,62.1,66.4,352.0,1265.0,9.0,
49600,1860.7,77.7,70.4,66.4,352.0,1265.0,9.0,
49700,1866.1,65.8,76.8,66.4,352.0,1265.0,9.0,
49900,1863.2,18.2,82.9,95.7,352.0,1265.0,9.0,
50000,1860.4,18.8,83.0,93.8,352.0,1265.0,9.0,
50100,1863.5,14.7,83.0,93.8,352.0,1265.0,9.0,
50200,1864.1,13.7,81.3,125.0,352.0,1265.0,9.0,
50300,1860.8,21.4,77.2,185.5,352.0,1265.0,9.0,
50400,1863.6,16.9,68.0,203.1,352.0,1265.0,9.0,
50500,1864.2,15.1,58.8,209.0,352.0,1265.0,9.0,
50600,1862.4,16.9,48.6,207.0,352.0,1265.0,9.0,
50700,1856.5,14.9,38.0,209.0,352.0,1265.0,9.0,
50900,1863.1,69.7,36.5,103.5,352.0,1265.0,9.0,
51000,1857.4,71.7,45.8,66.4,352.0,1265.0,9.0,
51100,1851.2,56.4,59.4,66.4,352.0,1265.0,9.0,
51200,1868.0,75.6,68.0,66.4,352.0,1265.0,9.0,
51300,1860.5,78.7,75.5,66.4,352.0,1265.0,9.0,
51400,1859.1,19.6,81.7,93.8,352.0,1265.0,9.0,
51500,1862.8,16.7,81.8,95.7,352.0,1265.0,9.0,
51600,1864.1,17.1,81.8,84.0,352.0,1265.0,9.0,
51700,1860.2,17.1,81.8,91.8,352.0,1265.0,9.0,
51900,1863.2,15.8,76.3,212.9,352.0,1265.0,9.0,
52000,1861.5,16.4,71.1,201.2,352.0,1265.0,9.0,
52100,1862.7,13.6,60.1,214.8,352.0,1265.0,9.0,
52200,1859.6,18.4,50.2,207.0,352.0,1265.0,9.0,
52300,1860.2,13.1,38.3,201.2,352.0,1265.0,9.0,
52400,1855.5,49.2,25.4,205.1,352.0,1265.0,9.0,
52500,1870.0,86.9,37.9,99.6,352.0,1265.0,9.0,
52600,1855.6,78.5,50.1,66.4,352.0,1265.0,9.0,
52700,1860.6,67.9,59.2,64.5,352.0,1265.0,9.0,
52900,1871.3,78.9,77.2,66.4,352.0,1265.0,9.0,
53000,1856.2,20.7,83.9,66.4,352.0,1265.0,9.0,
53100,1860.3,16.7,83.9,66.4,352.0,1265.0,9.0,
53200,1862.2,15.0,83.9,66.4,352.0,1265.0,9.0,
53300,1861.5,14.0,83.8,66.4,352.0,1265.0,9.0,
53400,1862.1,13.5,82.7,99.6,352.0,1265.0,9.0,
53500,1863.3,13.9,77.7,179.7,352.0,1265.0,9.0,
53600,1861.7,11.1,70.3,195.3,352.0,1265.0,9.0,
53700,1866.2,15.1,62.6,209.0,352.0,1265.0,9.0,
53900,1862.9,13.8,38.2,236.3,352.0,1265.0,9.0,
54000,1863.9,59.2,19.4,228.5,352.0,1265.0,9.0,
54100,1856.9,56.8,35.4,111.3,352.0,1265.0,9.0,
54200,1859.0,78.0,45.6,64.5,352.0,1265.0,9.0,
54300,1863.7,82.4,56.7,64.5,352.0,1265.0,9.0,
54400,1862.1,69.8,65.2,64.5,352.0,1265.0,9.0,
54500,1851.3,60.3,74.7,66.4,352.0,1265.0,9.0,
54600,1865.7,17.2,83.0,66.4,352.0,1265.0,9.0,
54700,1859.5,13.3,83.0,66.4,352.0,1265.0,9.0,
54900,1863.2,13.4,83.0,72.3,352.0,1265.0,9.0,
55000,1860.9,12.8,82.9,97.7,352.0,1265.0,9.0,
55100,1861.3,13.3,77.4,177.7,352.0,1265.0,9.0,
55200,1858.3,16.5,71.7,205.1,352.0,1265.0,9.0,
55300,1863.3,13.4,63.4,234.4,352.0,1265.0,9.0,
55400,1858.8,15.8,54.5,234.4,352.0,1265.0,9.0,
55500,1862.3,14.5,40.7,209.0,352.0,1265.0,9.0,
55600,1859.7,68.8,19.1,187.5,352.0,1265.0,9.0,
55700,1859.3,67.5,34.4,101.6,352.0,1265.0,9.0,
55900,1870.6,80.6,58.3,64.5,352.0,1265.0,9.0,
56000,1861.2,87.2,67.2,64.5,352.0,1265.0,9.0,
56100,1856.4,72.2,74.8,66.4,352.0,1265.0,9.0,
56200,1854.6,23.9,83.1,66.4,352.0,1265.0,9.0,
56300,1869.7,16.6,83.9,66.4,352.0,1265.0,9.0,
56400,1864.0,12.2,83.9,66.4,352.0,1265.0,9.0,
56500,1860.8,16.3,83.8,68.4,352.0,1265.0,9.0,
56600,1863.4,16.0,83.9,93.8,352.0,1265.0,9.0,
56700,1860.4,14.3,79.0,154.3,352.0,1265.0,9.0,
56900,1862.3,14.6,63.5,187.5,352.0,1265.0,9.0,
57000,1862.3,17.0,54.0,234.4,352.0,1265.0,9.0,
57100,1859.1,17.0,43.1,224.6,352.0,1265.0,9.0,
57200,1860.2,72.5,23.3,207.0,352.0,1265.0,9.0,
57300,1860.5,77.9,35.2,111.3,352.0,1265.0,9.0,
57400,1865.2,64.3,45.0,62.5,352.0,1265.0,9.0,
57500,1853.4,60.0,57.2,64.5,352.0,1265.0,9.0,
57600,1869.9,79.8,66.3,66.4,352.0,1265.0,9.0,
57700,1856.2,80.5,74.9,66.4,352.0,1265.0,9.0,
57900,1858.2,21.3,83.4,80.1,352.0,1265.0,9.0,
58000,1865.0,17.0,83.7,95.7,352.0,1265.0,9.0,
58100,1863.6,17.1,83.7,93.8,352.0,1265.0,9.0,
58200,1864.6,13.2,83.8,91.8,352.0,1265.0,9.0,
58300,1859.9,15.0,78.5,99.6,352.0,1265.0,9.0,
58400,1861.4,15.4,73.4,146.5,352.0,1265.0,9.0,
58500,1861.1,18.4,64.4,183.6,352.0,1265.0,9.0,
58600,1861.5,16.1,54.9,203.1,352.0,1265.0,9.0,
58700,1863.0,16.7,42.4,226.6,352.0,1265.0,9.0,
58900,1863.8,69.7,34.4,146.5,352.0,1265.0,9.0,
59000,1865.9,80.8,44.0,68.4,352.0,1265.0,9.0,
59100,1864.5,68.9,53.6,66.4,352.0,1265.0,9.0,
59200,1851.6,57.7,64.6,66.4,352.0,1265.0,9.0,
59300,1865.2,75.9,73.1,66.4,352.0,1265.0,9.0,
59400,1863.1,28.9,79.7,95.7,352.0,1265.0,9.0,
59500,1857.9,18.5,81.7,95.7,352.0,1265.0,9.0,
59600,1862.3,14.6,81.7,95.7,352.0,1265.0,9.0,
59700,1861.6,16.9,81.7,95.7,352.0,1265.0,9.0,
59900,1861.3,14.8,77.2,171.9,352.0,1265.0,9.0,
60000,1860.0,16.2,71.8,179.7,352.0,1265.0,9.0,
60100,1864.3,16.5,64.9,177.7,352.0,1265.0,9.0,
60200,1861.8,17.8,53.9,212.9,352.0,1265.0,9.0,
60300,1865.5,12.1,41.8,259.8,352.0,1265.0,9.0,
60400,1860.2,61.2,27.2,252.0,352.0,1265.0,9.0,
60500,1855.9,58.3,35.0,152.3,352.0,1265.0,9.0,
60600,1870.6,80.0,46.9,66.4,352.0,1265.0,9.0,
60700,1865.9,91.2,58.0,66.4,352.0,1265.0,9.0,
60900,1852.0,60.7,77.0,66.4,352.0,1265.0,9.0,
61000,1875.0,28.6,84.7,66.4,352.0,1265.0,9.0,
61100,1860.0,22.7,87.0,95.7,352.0,1265.0,9.0,
61200,1861.5,18.2,87.1,95.7,352.0,1265.0,9.0,
61300,1858.8,16.9,87.2,93.8,352.0,1265.0,9.0,
61400,1860.0,19.3,87.2,93.8,352.0,1265.0,9.0,
61500,1862.9,16.5,82.6,142.6,352.0,1265.0,9.0,
61600,1863.5,21.2,76.5,185.5,352.0,1265.0,9.0,
61700,1863.6,16.7,68.5,185.5,352.0,1265.0,9.0,
61900,1865.6,17.1,46.2,177.7,352.0,1265.0,9.0,
62000,1859.6,70.0,30.0,144.5,352.0,1265.0,9.0,
62100,1868.8,67.5,33.1,128.9,352.0,1265.0,9.0,
62200,1853.0,58.1,46.6,72.3,352.0,1265.0,9.0,
62300,1872.5,83.2,57.5,66.4,352.0,1265.0,9.0,
62400,1860.1,84.9,67.1,66.4,352.0,1265.0,9.0,
62500,1865.0,72.1,74.2,66.4,352.0,1265.0,9.0,
62600,1854.5,33.7,82.5,66.4,352.0,1265.0,9.0,
62700,1871.2,18.4,85.1,95.7,352.0,1265.0,9.0,
62900,1860.8,19.0,85.1,91.8,352.0,1265.0,9.0,
63000,1858.3,17.5,85.2,93.8,352.0,1265.0,9.0,
63100,1863.4,15.8,81.8,171.9,352.0,1265.0,9.0,
63200,1863.3,17.3,74.8,185.5,352.0,1265.0,9.0,
63300,1863.5,18.6,66.7,189.5,352.0,1265.0,9.0,
63400,1857.1,17.8,57.2,207.0,352.0,1265.0,9.0,
63500,1860.9,14.6,47.4,238.3,352.0,1265.0,9.0,
63600,1864.2,63.6,30.7,253.9,352.0,1265.0,9.0,
63700,1867.9,84.9,31.8,230.5,352.0,1265.0,9.0,
63900,1851.8,60.6,57.6,66.4,352.0,1265.0,9.0,
64000,1869.7,81.9,67.1,66.4,352.0,1265.0,9.0,
64100,1866.3,89.6,75.1,66.4,352.0,1265.0,9.0,
64200,1863.2,40.0,81.7,66.4,352.0,1265.0,9.0,
64300,1860.8,17.6,86.2,95.7,352.0,1265.0,9.0,
64400,1861.9,18.2,86.2,95.7,352.0,1265.0,9.0,
64500,1863.0,17.5,86.2,93.8,352.0,1265.0,9.0,
64600,1864.1,16.0,86.3,93.8,352.0,1265.0,9.0,
64700,1864.7,15.9,83.2,132.8,352.0,1265.0,9.0,
64900,1861.8,16.9,67.7,203.1,352.0,1265.0,9.0,
65000,1863.4,16.1,58.1,187.5,352.0,1265.0,9.0,
65100,1859.8,17.1,47.2,195.3,352.0,1265.0,9.0,
65200,1865.1,46.7,34.5,203.1,352.0,1265.0,9.0,
65300,1862.4,69.3,31.3,169.9,352.0,1265.0,9.0,
65400,1861.5,86.9,40.7,74.2,352.0,1265.0,9.0,
65500,1856.3,73.2,51.6,66.4,352.0,1265.0,9.0,
65600,1850.0,58.9,62.8,66.4,352.0,1265.0,9.0,
65700,1872.9,76.5,71.6,64.5,352.0,1265.0,9.0,
65900,1864.2,19.6,83.1,66.4,352.0,1265.0,9.0,
66000,1864.4,15.3,83.2,95.7,352.0,1265.0,9.0,
66100,1863.9,16.6,83.1,91.8,352.0,1265.0,9.0,
66200,1863.4,14.1,83.1,93.8,352.0,1265.0,9.0,
66300,1860.7,14.8,79.8,160.2,352.0,1265.0,9.0,
66400,1862.0,15.3,75.3,205.1,352.0,1265.0,9.0,
66500,1859.8,15.0,68.2,236.3,352.0,1265.0,9.0,
66600,1862.1,14.9,58.0,228.5,352.0,1265.0,9.0,
66700,1862.9,16.2,46.6,210.9,352.0,1265.0,9.0,
66900,1855.8,58.3,29.2,154.3,352.0,1265.0,9.0,
67000,1867.6,86.9,42.9,89.8,352.0,1265.0,9.0,
67100,1857.5,89.5,54.8,66.4,352.0,1265.0,9.0,
67200,1857.1,72.0,64.7,66.4,352.0,1265.0,9.0,
67300,1854.4,59.6,73.4,66.4,352.0,1265.0,9.0,
67400,1872.7,52.1,81.0,66.4,352.0,1265.0,9.0,
67500,1864.7,16.3,85.5,95.7,352.0,1265.0,9.0,
67600,1863.7,17.1,85.6,95.7,352.0,1265.0,9.0,
67700,1858.6,14.2,85.6,95.7,352.0,1265.0,9.0,
67900,1862.2,15.2,83.0,127.0,352.0,1265.0,9.0,
68000,1859.3,16.6,76.7,185.5,352.0,1265.0,9.0,
68100,1861.2,14.5,68.8,218.8,352.0,1265.0,9.0,
68200,1862.0,14.1,59.5,232.4,352.0,1265.0,9.0,
68300,1860.2,16.5,48.3,226.6,352.0,1265.0,9.0,
68400,1863.4,52.7,34.2,197.3,352.0,1265.0,9.0,
68500,1864.6,55.2,26.3,181.6,352.0,1265.0,9.0,
68600,1853.7,59.4,39.0,74.2,352.0,1265.0,9.0,
68700,1863.5,76.5,50.7,66.4,352.0,1265.0,9.0,
68900,1863.4,70.8,68.0,66.4,352.0,1265.0,9.0,
69000,1855.5,60.6,76.2,66.4,352.0,1265.0,9.0,
69100,1869.4,17.2,81.1,95.7,352.0,1265.0,9.0,
69200,1860.6,17.5,81.1,95.7,352.0,1265.0,9.0,
69300,1860.8,16.8,81.2,93.8,352.0,1265.0,9.0,
69400,1864.1,14.7,81.2,93.8,352.0,1265.0,9.0,
69500,1862.8,17.4,79.5,144.5,352.0,1265.0,9.0,
69600,1861.5,16.2,74.0,218.8,352.0,1265.0,9.0,
69700,1856.9,15.4,66.5,216.8,352.0,1265.0,9.0,
69900,1856.3,16.8,48.8,203.1,352.0,1265.0,9.0,
70000,1864.2,40.3,34.8,224.6,352.0,1265.0,9.0,
70100,1863.5,74.7,26.3,226.6,352.0,1265.0,9.0,
70200,1862.4,72.6,37.7,97.7,352.0,1265.0,9.0,
70300,1845.9,60.5,52.0,66.4,352.0,1265.0,9.0,
70400,1871.5,73.7,62.8,66.4,352.0,1265.0,9.0,
70500,1866.0,86.5,69.9,66.4,352.0,1265.0,9.0,
70600,1860.0,75.4,77.2,66.4,352.0,1265.0,9.0,
70700,1859.9,19.6,84.0,95.7,352.0,1265.0,9.0,
70900,1863.6,13.1,84.1,95.7,352.0,1265.0,9.0,
71000,1862.7,13.9,84.0,93.8,352.0,1265.0,9.0,
71100,1864.3,18.8,82.4,152.3,352.0,1265.0,9.0,
71200,1863.3,15.5,77.9,232.4,352.0,1265.0,9.0,
71300,1860.1,14.2,69.1,244.1,352.0,1265.0,9.0,
71400,1863.4,13.9,59.5,252.0,352.0,1265.0,9.0,
71500,1863.1,18.0,51.0,216.8,352.0,1265.0,9.0,
71600,1858.7,15.0,39.1,214.8,352.0,1265.0,9.0,
71700,1859.8,74.3,25.9,197.3,352.0,1265.0,9.0,
71900,1855.9,70.9,50.2,64.5,352.0,1265.0,9.0,
72000,1851.9,63.8,61.4,64.5,352.0,1265.0,9.0,
72100,1873.0,69.8,71.1,66.4,352.0,1265.0,9.0,
72200,1862.0,91.7,77.2,95.7,352.0,1265.0,9.0,
72300,1856.3,18.6,84.5,95.7,352.0,1265.0,9.0,
72400,1862.0,16.4,84.6,95.7,352.0,1265.0,9.0,
72500,1856.7,17.5,84.6,87.9,352.0,1265.0,9.0,
72600,1863.5,16.4,84.6,80.1,352.0,1265.0,9.0,
72700,1861.0,15.4,83.2,128.9,352.0,1265.0,9.0,
72900,1860.2,15.1,71.2,189.5,352.0,1265.0,9.0,
73000,1863.9,15.9,61.8,191.4,352.0,1265.0,9.0,
73100,1861.8,18.6,50.6,197.3,352.0,1265.0,9.0,
73200,1858.1,14.8,40.6,197.3,352.0,1265.0,9.0,
73300,1855.1,54.8,24.6,207.0,352.0,1265.0,9.0,
73400,1866.6,76.9,38.0,107.4,352.0,1265.0,9.0,
73500,1861.7,86.7,48.8,66.4,352.0,1265.0,9.0,
73600,1861.5,69.6,58.6,64.5,352.0,1265.0,9.0,
73700,1854.5,61.4,67.8,66.4,352.0,1265.0,9.0,
73900,1863.4,21.2,82.6,95.7,352.0,1265.0,9.0,
74000,1862.0,18.7,82.5,95.7,352.0,1265.0,9.0,
74100,1865.3,17.0,82.5,95.7,352.0,1265.0,9.0,
74200,1861.8,17.6,82.4,93.8,352.0,1265.0,9.0,
74300,1862.9,17.1,81.6,115.2,352.0,1265.0,9.0,
74400,1865.8,15.1,76.3,212.9,352.0,1265.0,9.0,
74500,1860.9,17.5,69.9,191.4,352.0,1265.0,9.0,
74600,1857.9,15.3,61.8,216.8,352.0,1265.0,9.0,
74700,1858.3,15.8,51.4,240.2,352.0,1265.0,9.0,
74900,1861.5,60.3,21.6,191.4,352.0,1265.0,9.0,
75000,1853.1,55.3,36.3,111.3,352.0,1265.0,9.0,
75100,1866.0,75.8,47.7,66.4,352.0,1265.0,9.0,
75200,1867.4,85.1,57.5,64.5,352.0,1265.0,9.0,
75300,1863.9,74.1,65.5,66.4,352.0,1265.0,9.0,
75400,1846.0,62.1,74.7,66.4,352.0,1265.0,9.0,
75500,1868.6,21.4,82.4,95.7,352.0,1265.0,9.0,
75600,1861.1,21.2,82.4,95.7,352.0,1265.0,9.0,
75700,1861.1,14.5,82.5,95.7,352.0,1265.0,9.0,
75900,1864.3,16.1,82.3,97.7,352.0,1265.0,9.0,
76000,1862.6,12.2,77.0,162.1,352.0,1265.0,9.0,
76100,1861.5,16.8,70.4,197.3,352.0,1265.0,9.0,
76200,1862.0,15.4,62.6,193.4,352.0,1265.0,9.0,
76300,1863.4,12.9,54.0,183.6,352.0,1265.0,9.0,
76400,1863.3,16.6,40.0,185.5,352.0,1265.0,9.0,
76500,1862.8,75.2,20.1,185.5,352.0,1265.0,9.0,
76600,1867.3,73.0,34.7,95.7,352.0,1265.0,9.0,
76700,1852.6,66.1,49.1,64.5,352.0,1265.0,9.0,
76900,1857.7,88.4,68.6,66.4,352.0,1265.0,9.0,
77000,1862.0,74.4,76.0,66.4,352.0,1265.0,9.0,
77100,1857.5,21.8,83.2,95.7,352.0,1265.0,9.0,
77200,1864.4,15.8,84.3,95.7,352.0,1265.0,9.0,
77300,1865.0,14.5,84.3,95.7,352.0,1265.0,9.0,
77400,1861.5,16.5,84.4,95.7,352.0,1265.0,9.0,
77500,1864.3,12.9,84.4,99.6,352.0,1265.0,9.0,
77600,1865.6,14.4,79.4,207.0,352.0,1265.0,9.0,
77700,1860.9,16.6,71.3,179.7,352.0,1265.0,9.0,
77900,1858.9,13.9,52.6,191.4,352.0,1265.0,9.0,
78000,1861.4,14.8,41.2,207.0,352.0,1265.0,9.0,
78100,1863.7,67.0,23.5,244.1,352.0,1265.0,9.0,
78200,1862.7,76.7,32.5,132.8,352.0,1265.0,9.0,
78300,1861.3,75.5,44.5,68.4,352.0,1265.0,9.0,
78400,1847.3,63.8,57.6,66.4,352.0,1265.0,9.0,
78500,1867.7,69.8,67.7,66.4,352.0,1265.0,9.0,
78600,1864.8,86.9,75.2,66.4,352.0,1265.0,9.0,
78700,1861.6,25.7,81.8,95.7,352.0,1265.0,9.0,
78900,1861.8,16.9,83.9,95.7,352.0,1265.0,9.0,
79000,1862.8,17.7,83.9,95.7,352.0,1265.0,9.0,
79100,1864.9,15.5,84.0,99.6,352.0,1265.0,9.0,
79200,1863.0,14.0,79.7,197.3,352.0,1265.0,9.0,
79300,1861.8,14.4,73.6,220.7,352.0,1265.0,9.0,
79400,1863.1,12.6,63.8,218.8,352.0,1265.0,9.0,
79500,1861.7,15.5,52.9,214.8,352.0,1265.0,9.0,
79600,1859.8,14.3,41.7,207.0,352.0,1265.0,9.0,
79700,1860.0,60.4,26.4,209.0,352.0,1265.0,9.0,
79900,1863.3,90.9,46.9,66.4,352.0,1265.0,9.0,
80000,1852.5,74.6,58.1,64.5,352.0,1265.0,9.0,
80100,1854.5,64.2,68.4,64.5,352.0,1265.0,9.0,
80200,1865.5,66.2,77.0,66.4,352.0,1265.0,9.0,
80300,1862.7,28.7,83.2,89.8,352.0,1265.0,9.0,
80400,1856.7,15.1,85.8,95.7,352.0,1265.0,9.0,
80500,1861.3,15.5,85.8,95.7,352.0,1265.0,9.0,
80600,1861.2,16.2,85.9,82.0,352.0,1265.0,9.0,
80700,1860.3,13.3,85.9,93.8,352.0,1265.0,9.0,
80900,1858.4,16.1,74.5,257.8,352.0,1265.0,9.0,
81000,1860.9,13.4,66.1,242.2,352.0,1265.0,9.0,
81100,1860.1,13.1,55.4,220.7,352.0,1265.0,9.0,
81200,1864.2,14.8,42.5,224.6,352.0,1265.0,9.0,
81300,1861.5,64.2,28.4,224.6,352.0,1265.0,9.0,
81400,1859.6,59.0,33.7,154.3,352.0,1265.0,9.0,medium
81500,1861.8,75.4,47.1,66.4,352.0,1265.0,9.0,
81600,1864.6,90.8,57.0,64.5,352.0,1265.0,9.0,
81700,1859.8,73.6,66.7,66.4,352.0,1265.0,9.0,
81900,1861.8,30.4,83.4,66.4,352.0,1265.0,9.0,
82000,1857.4,16.4,85.1,66.4,352.0,1265.0,9.0,
82100,1859.9,16.6,85.2,66.4,352.0,1265.0,9.0,
82200,1865.0,16.9,85.2,66.4,352.0,1265.0,9.0,
82300,1861.2,15.3,85.4,93.8,352.0,1265.0,9.0,
82400,1864.1,15.6,80.9,185.5,352.0,1265.0,9.0,
82500,1861.5,16.8,73.9,205.1,352.0,1265.0,9.0,
82600,1863.5,16.7,66.6,203.1,352.0,1265.0,9.0,
82700,1861.1,15.8,56.9,193.4,352.0,1265.0,9.0,
82900,1860.8,72.6,27.3,212.9,352.0,1265.0,9.0,
83000,1864.3,67.7,31.6,216.8,352.0,1265.0,9.0,
83100,1850.0,58.4,44.2,68.4,352.0,1265.0,9.0,
83200,1871.1,68.7,53.9,64.5,352.0,1265.0,9.0,
83300,1865.5,88.1,62.2,64.5,352.0,1265.0,9.0,
83400,1862.1,73.6,69.9,66.4,352.0,1265.0,9.0,
83500,1849.1,35.9,77.6,66.4,352.0,1265.0,9.0,
83600,1866.0,18.6,81.3,66.4,352.0,1265.0,9.0,
83700,1860.3,18.8,81.4,66.4,352.0,1265.0,9.0,
83900,1861.3,17.9,81.4,91.8,352.0,1265.0,9.0,
84000,1861.4,18.3,78.0,181.6,352.0,1265.0,9.0,
84100,1861.5,18.4,71.7,214.8,352.0,1265.0,9.0,
84200,1859.0,17.5,64.8,216.8,352.0,1265.0,9.0,
84300,1861.8,20.4,56.7,216.8,352.0,1265.0,9.0,
84400,1861.3,20.6,47.1,173.8,352.0,1265.0,9.0,
84500,1861.6,58.1,33.0,156.3,352.0,1265.0,9.0,
84600,1860.3,80.2,31.3,175.8,352.0,1265.0,9.0,
84700,1863.3,73.2,43.4,76.2,352.0,1265.0,9.0,
84900,1873.0,75.9,66.6,66.4,352.0,1265.0,9.0,
85000,1859.8,90.6,75.4,66.4,352.0,1265.0,9.0,
85100,1864.7,39.7,82.2,95.7,352.0,1265.0,9.0,
85200,1860.1,17.8,86.0,95.7,352.0,1265.0,9.0,
85300,1861.5,14.6,86.0,91.8,352.0,1265.0,9.0,
85400,1864.4,18.0,85.9,91.8,352.0,1265.0,9.0,
85500,1862.4,16.1,85.9,93.8,352.0,1265.0,9.0,
85600,1861.3,15.7,83.1,144.5,352.0,1265.0,9.0,
85700,1861.6,17.4,77.5,197.3,352.0,1265.0,9.0,
85900,1861.5,15.8,58.8,195.3,352.0,1265.0,9.0,
86000,1858.0,17.1,46.9,203.1,352.0,1265.0,9.0,
86100,1856.4,45.6,33.8,177.7,352.0,1265.0,9.0,
86200,1861.4,69.7,31.3,156.3,352.0,1265.0,9.0,
86300,1867.4,80.9,41.9,70.3,352.0,1265.0,9.0,
86400,1862.0,75.2,51.9,66.4,352.0,1265.0,9.0,
86500,1847.3,59.8,63.4,66.4,352.0,1265.0,9.0,
86600,1863.7,64.1,71.9,66.4,352.0,1265.0,9.0,
86700,1865.3,46.0,79.4,66.4,352.0,1265.0,9.0,
86900,1858.0,13.2,83.3,95.7,352.0,1265.0,9.0,
87000,1863.6,17.0,83.3,93.8,352.0,1265.0,9.0,
87100,1857.3,16.3,83.3,93.8,352.0,1265.0,9.0,
87200,1859.5,14.4,80.3,148.4,352.0,1265.0,9.0,
87300,1864.0,14.6,75.3,177.7,352.0,1265.0,9.0,
87400,1860.6,19.2,68.8,169.9,352.0,1265.0,9.0,
87500,1858.7,18.3,58.4,164.1,352.0,1265.0,9.0,
87600,1859.8,13.1,47.6,175.8,352.0,1265.0,9.0,
87700,1863.9,54.6,33.1,193.4,352.0,1265.0,9.0,
87900,1865.8,76.1,40.7,80.1,352.0,1265.0,9.0,
88000,1860.7,84.4,52.1,64.5,352.0,1265.0,9.0,
88100,1858.0,75.2,61.6,64.5,352.0,1265.0,9.0,
88200,1859.2,61.4,70.6,66.4,352.0,1265.0,9.0,
88300,1868.2,51.1,78.1,66.4,352.0,1265.0,9.0,
88400,1859.2,17.5,82.4,78.1,352.0,1265.0,9.0,
88500,1861.9,13.8,82.3,66.4,352.0,1265.0,9.0,
88600,1859.6,15.1,82.2,74.2,352.0,1265.0,9.0,
88700,1865.0,13.9,82.3,95.7,352.0,1265.0,9.0,
88900,1862.3,14.3,74.5,214.8,352.0,1265.0,9.0,
89000,1864.1,13.9,67.0,224.6,352.0,1265.0,9.0,
89100,1861.8,15.0,58.2,203.1,352.0,1265.0,9.0,
89200,1861.8,18.1,46.9,166.0,352.0,1265.0,9.0,
89300,1862.2,48.0,33.2,142.6,352.0,1265.0,9.0,
89400,1864.7,60.5,25.0,160.2,352.0,1265.0,9.0,
89500,1852.2,56.8,37.3,97.7,352.0,1265.0,9.0,
89600,1865.7,65.9,47.0,66.4,352.0,1265.0,9.0,
89700,1862.2,79.8,56.2,64.5,352.0,1265.0,9.0,
89900,1855.2,65.0,71.7,66.4,352.0,1265.0,9.0,
90000,1861.9,15.7,78.2,68.4,352.0,1265.0,9.0,
90100,1861.3,17.8,78.3,66.4,352.0,1265.0,9.0,
90200,1861.1,18.9,78.3,68.4,352.0,1265.0,9.0,
90300,1859.7,14.0,78.4,82.0,352.0,1265.0,9.0,
90400,1864.2,13.6,77.0,134.8,352.0,1265.0,9.0,
90500,1863.0,13.4,71.8,185.5,352.0,1265.0,9.0,
90600,1860.3,21.7,65.9,189.5,352.0,1265.0,9.0,
90700,1866.4,18.1,58.6,214.8,352.0,1265.0,9.0,
90900,1864.1,28.8,38.4,191.4,352.0,1265.0,9.0,
91000,1861.7,71.2,26.7,168.0,352.0,1265.0,9.0,
91100,1858.3,71.8,37.8,99.6,352.0,1265.0,9.0,
91200,1857.1,66.0,48.6,64.5,352.0,1265.0,9.0,
91300,1870.7,67.7,59.1,64.5,352.0,1265.0,9.0,
91400,1868.8,83.6,67.4,66.4,352.0,1265.0,9.0,
91500,1857.1,68.2,74.4,66.4,352.0,1265.0,9.0,
91600,1860.9,20.3,79.9,66.4,352.0,1265.0,9.0,
91700,1859.2,16.2,79.7,66.4,352.0,1265.0,9.0,
91900,1861.0,11.8,79.4,93.8,352.0,1265.0,9.0,
92000,1860.0,13.9,78.1,132.8,352.0,1265.0,9.0,
92100,1860.7,17.2,73.3,214.8,352.0,1265.0,9.0,
92200,1860.6,13.7,66.7,179.7,352.0,1265.0,9.0,
92300,1860.3,12.4,57.3,173.8,352.0,1265.0,9.0,
92400,1864.0,10.5,47.2,201.2,352.0,1265.0,9.0,
92500,1860.5,13.6,35.1,195.3,352.0,1265.0,9.0,
92600,1858.5,60.2,23.7,193.4,352.0,1265.0,9.0,
92700,1865.9,80.2,34.9,91.8,352.0,1265.0,9.0,
92900,1857.5,60.5,56.9,64.5,352.0,1265.0,9.0,
93000,1856.8,58.4,66.4,66.4,352.0,1265.0,9.0,
93100,1862.7,81.9,73.9,66.4,352.0,1265.0,9.0,
93200,1862.1,19.3,79.9,66.4,352.0,1265.0,9.0,
93300,1863.8,15.1,79.8,66.4,352.0,1265.0,9.0,
93400,1859.8,15.2,79.9,93.8,352.0,1265.0,9.0,
93500,1862.4,16.5,79.9,95.7,352.0,1265.0,9.0,
93600,1859.7,14.3,78.8,121.1,352.0,1265.0,9.0,
93700,1858.5,18.7,74.4,265.6,352.0,1265.0,9.0,
93900,1860.8,14.1,59.3,201.2,352.0,1265.0,9.0,
94000,1863.3,15.9,48.5,195.3,352.0,1265.0,9.0,
94100,1860.1,15.2,36.3,203.1,352.0,1265.0,9.0,
94200,1855.4,55.5,22.3,203.1,352.0,1265.0,9.0,
94300,1867.1,70.8,35.6,113.3,352.0,1265.0,9.0,
94400,1866.5,86.4,47.8,66.4,352.0,1265.0,9.0,
94500,1862.3,75.9,57.2,66.4,352.0,1265.0,9.0,
94600,1849.9,64.0,66.5,66.4,352.0,1265.0,9.0,
94700,1865.4,57.3,75.2,66.4,352.0,1265.0,9.0,
94900,1863.5,14.9,81.6,95.7,352.0,1265.0,9.0,
95000,1862.0,16.5,81.5,95.7,352.0,1265.0,9.0,
95100,1867.7,15.2,81.5,93.8,352.0,1265.0,9.0,
95200,1863.8,14.3,80.8,99.6,352.0,1265.0,9.0,
95300,1861.2,18.2,76.0,214.8,352.0,1265.0,9.0,
95400,1866.6,14.9,69.0,207.0,352.0,1265.0,9.0,
95500,1861.3,16.6,61.4,210.9,352.0,1265.0,9.0,
95600,1858.3,14.9,51.2,218.8,352.0,1265.0,9.0,
95700,1862.2,15.5,37.4,216.8,352.0,1265.0,9.0,
95900,1859.6,58.0,36.0,113.3,352.0,1265.0,9.0,
96000,1862.6,66.2,46.9,64.5,352.0,1265.0,9.0,
96100,1855.7,80.4,56.6,64.5,352.0,1265.0,9.0,
96200,1861.2,76.0,64.2,64.5,352.0,1265.0,9.0,
96300,1861.0,62.9,71.9,66.4,352.0,1265.0,9.0,
96400,1860.4,23.0,80.0,66.4,352.0,1265.0,9.0,
96500,1864.3,14.3,80.1,93.8,352.0,1265.0,9.0,
96600,1860.5,16.1,80.1,78.1,352.0,1265.0,9.0,
96700,1862.6,16.3,80.1,91.8,352.0,1265.0,9.0,
96900,1858.3,16.0,74.4,195.3,352.0,1265.0,9.0,
97000,1862.8,15.7,68.1,185.5,352.0,1265.0,9.0,
97100,1861.3,14.5,60.2,193.4,352.0,1265.0,9.0,
97200,1862.1,16.6,52.1,201.2,352.0,1265.0,9.0,
97300,1862.3,15.4,40.9,205.1,352.0,1265.0,9.0,
97400,1864.5,71.2,20.5,214.8,352.0,1265.0,9.0,
97500,1861.2,74.5,32.6,125.0,352.0,1265.0,9.0,
97600,1851.1,58.9,46.0,66.4,352.0,1265.0,9.0,
97700,1866.2,61.9,55.9,64.5,352.0,1265.0,9.0,
97900,1863.4,84.3,70.7,66.4,352.0,1265.0,9.0,
98000,1852.6,24.1,78.8,95.7,352.0,1265.0,9.0,
98100,1859.9,20.3,80.3,91.8,352.0,1265.0,9.0,
98200,1866.7,14.2,80.5,68.4,352.0,1265.0,9.0,
98300,1864.2,16.9,80.4,70.3,352.0,1265.0,9.0,
98400,1862.1,19.7,80.5,97.7,352.0,1265.0,9.0,
98500,1862.2,18.2,76.4,226.6,352.0,1265.0,9.0,
98600,1860.4,15.4,69.3,228.5,352.0,1265.0,9.0,
98700,1864.0,17.2,61.5,214.8,352.0,1265.0,9.0,
98900,1861.8,16.5,43.7,218.8,352.0,1265.0,9.0,
99000,1859.4,61.8,26.3,191.4,352.0,1265.0,9.0,
99100,1854.8,75.9,34.4,150.4,352.0,1265.0,9.0,
99200,1865.3,75.9,42.5,64.5,352.0,1265.0,9.0,
99300,1856.7,60.7,54.3,64.5,352.0,1265.0,9.0,
99400,1866.0,62.8,63.9,64.5,352.0,1265.0,9.0,
99500,1857.8,80.3,71.6,66.4,352.0,1265.0,9.0,
99600,1858.7,26.3,77.6,66.4,352.0,1265.0,9.0,
99700,1859.4,16.7,79.5,66.4,352.0,1265.0,9.0,
99900,1862.1,14.4,79.7,95.7,352.0,1265.0,9.0,
100000,1863.4,17.8,79.6,97.7,352.0,1265.0,9.0,
100100,1862.5,15.2,75.0,214.8,352.0,1265.0,9.0,
100200,1863.2,15.8,70.5,212.9,352.0,1265.0,9.0,
100300,1860.0,16.2,61.9,201.2,352.0,1265.0,9.0,
100400,1863.4,16.1,51.9,214.8,352.0,1265.0,9.0,
100500,1863.1,16.4,40.5,220.7,352.0,1265.0,9.0,
100600,1862.0,59.5,26.9,220.7,352.0,1265.0,9.0,
100700,1860.9,65.4,32.9,179.7,352.0,1265.0,9.0,
100900,1864.2,75.2,53.5,64.5,352.0,1265.0,9.0,
101000,1851.8,60.2,64.0,64.5,352.0,1265.0,9.0,
101100,1863.2,57.9,72.1,66.4,352.0,1265.0,9.0,
101200,1867.3,29.0,78.8,66.4,352.0,1265.0,9.0,
101300,1858.5,18.3,80.9,95.7,352.0,1265.0,9.0,
101400,1861.8,15.8,80.9,95.7,352.0,1265.0,9.0,
101500,1863.0,15.2,80.9,93.8,352.0,1265.0,9.0,
101600,1865.3,13.7,80.8,95.7,352.0,1265.0,9.0,
101700,1863.2,15.4,76.6,199.2,352.0,1265.0,9.0,
101900,1862.5,15.6,63.8,242.2,352.0,1265.0,9.0,
102000,1860.5,18.1,53.3,257.8,352.0,1265.0,9.0,
102100,1860.3,16.2,41.7,234.4,352.0,1265.0,9.0,
102200,1860.9,68.2,26.9,209.0,352.0,1265.0,9.0,
102300,1858.9,60.7,32.6,127.0,352.0,1265.0,9.0,
102400,1865.2,59.9,44.1,64.5,352.0,1265.0,9.0,
102500,1866.7,80.8,53.1,64.5,352.0,1265.0,9.0,
102600,1862.0,75.2,60.3,64.5,352.0,1265.0,9.0,
102700,1855.9,62.8,68.6,64.5,352.0,1265.0,9.0,
102900,1863.5,16.2,78.5,66.4,352.0,1265.0,9.0,
103000,1861.5,13.3,78.5,93.8,352.0,1265.0,9.0,
103100,1861.6,16.8,78.5,91.8,352.0,1265.0,9.0,
103200,1864.4,18.9,78.5,95.7,352.0,1265.0,9.0,
103300,1866.2,16.4,74.2,193.4,352.0,1265.0,9.0,
103400,1859.8,17.7,68.0,195.3,352.0,1265.0,9.0,
103500,1862.5,16.3,61.2,236.3,352.0,1265.0,9.0,
103600,1864.2,12.8,54.2,238.3,352.0,1265.0,9.0,
103700,1859.3,16.8,43.2,214.8,352.0,1265.0,9.0,
103900,1865.8,67.8,31.0,154.3,352.0,1265.0,9.0,
104000,1856.0,62.8,42.2,68.4,352.0,1265.0,9.0,
104100,1861.8,64.9,54.2,64.5,352.0,1265.0,9.0,
104200,1859.6,82.3,63.6,64.5,352.0,1265.0,9.0,
104300,1859.1,79.8,70.5,64.5,352.0,1265.0,9.0,
104400,1862.2,34.5,77.6,66.4,352.0,1265.0,9.0,
104500,1860.5,19.1,81.3,95.7,352.0,1265.0,9.0,
104600,1862.1,18.6,81.3,95.7,352.0,1265.0,9.0,
104700,1862.1,17.2,81.4,93.8,352.0,1265.0,9.0,
104900,1863.7,17.5,78.1,191.4,352.0,1265.0,9.0,
105000,1860.3,18.4,72.7,220.7,352.0,1265.0,9.0,
105100,1863.4,19.6,64.4,232.4,352.0,1265.0,9.0,
105200,1864.1,14.3,55.3,224.6,352.0,1265.0,9.0,
105300,1863.5,16.2,45.9,199.2,352.0,1265.0,9.0,
105400,1864.5,56.1,32.5,179.7,352.0,1265.0,9.0,
105500,1861.8,75.1,31.3,171.9,352.0,1265.0,9.0,
105600,1862.3,76.3,41.1,74.2,352.0,1265.0,9.0,
105700,1855.3,64.5,52.2,66.4,352.0,1265.0,9.0,
105900,1868.7,80.5,71.0,66.4,352.0,1265.0,9.0,
106000,1863.9,42.2,76.8,66.4,352.0,1265.0,9.0,
106100,1861.1,15.3,80.8,95.7,352.0,1265.0,9.0,
106200,1859.6,20.2,80.7,95.7,352.0,1265.0,9.0,
106300,1865.9,15.0,80.9,91.8,352.0,1265.0,9.0,
106400,1859.6,17.3,80.8,89.8,352.0,1265.0,9.0,
106500,1859.4,17.7,77.8,154.3,352.0,1265.0,9.0,
106600,1863.7,18.6,73.1,199.2,352.0,1265.0,9.0,
106700,1862.1,16.5,65.7,218.8,352.0,1265.0,9.0,
106900,1864.7,14.8,44.5,179.7,352.0,1265.0,9.0,
107000,1862.3,49.2,33.4,185.5,352.0,1265.0,9.0,
107100,1860.2,67.8,31.2,187.5,352.0,1265.0,9.0,
107200,1862.5,81.0,44.3,72.3,352.0,1265.0,9.0,
107300,1859.7,77.1,54.3,64.5,352.0,1265.0,9.0,
107400,1863.2,62.5,63.9,64.5,352.0,1265.0,9.0,
107500,1861.9,57.4,73.0,64.5,352.0,1265.0,9.0,
107600,1863.5,45.8,79.5,66.4,352.0,1265.0,9.0,
107700,1861.1,18.6,83.1,95.7,352.0,1265.0,9.0,
107900,1859.8,19.6,83.1,93.8,352.0,1265.0,9.0,
108000,1858.5,19.3,83.2,95.7,352.0,1265.0,9.0,
108100,1861.8,17.0,80.2,199.2,352.0,1265.0,9.0,
108200,1859.6,18.1,73.9,191.4,352.0,1265.0,9.0,
108300,1866.5,18.2,66.9,177.7,352.0,1265.0,9.0,
108400,1862.8,15.4,57.8,193.4,352.0,1265.0,9.0,
108500,1861.5,18.5,45.6,214.8,352.0,1265.0,9.0,
108600,1858.5,51.7,33.2,193.4,352.0,1265.0,9.0,
108700,1855.8,63.6,29.2,173.8,352.0,1265.0,9.0,
108900,1867.8,86.7,54.9,64.5,352.0,1265.0,9.0,
109000,1861.1,77.2,63.1,64.5,352.0,1265.0,9.0,
109100,1855.0,58.5,70.6,64.5,352.0,1265.0,9.0,
109200,1862.8,57.3,78.2,66.4,352.0,1265.0,9.0,
109300,1866.6,17.3,82.4,66.4,352.0,1265.0,9.0,
109400,1860.1,21.4,82.3,66.4,352.0,1265.0,9.0,
109500,1863.4,18.4,82.3,68.4,352.0,1265.0,9.0,
109600,1858.7,16.3,82.3,91.8,352.0,1265.0,9.0,
109700,1862.0,14.5,80.1,134.8,352.0,1265.0,9.0,
109900,1859.8,18.3,65.2,189.5,352.0,1265.0,9.0,
110000,1865.3,17.0,57.3,191.4,352.0,1265.0,9.0,
110100,1864.8,16.7,47.6,244.1,352.0,1265.0,9.0,
110200,1859.1,56.0,33.9,246.1,352.0,1265.0,9.0,
110300,1861.4,73.1,27.4,218.8,352.0,1265.0,9.0,
110400,1858.5,64.4,41.3,74.2,352.0,1265.0,9.0,
110500,1864.9,60.2,52.7,64.5,352.0,1265.0,9.0,
110600,1864.5,88.7,61.0,64.5,352.0,1265.0,9.0,
110700,1862.6,77.8,68.5,64.5,352.0,1265.0,9.0,
110900,1862.5,17.3,80.5,66.4,352.0,1265.0,9.0,
111000,1862.5,17.3,80.5,70.3,352.0,1265.0,9.0,
111100,1861.0,20.7,80.5,95.7,352.0,1265.0,9.0,
111200,1859.6,17.4,80.6,95.7,352.0,1265.0,9.0,
111300,1864.0,21.4,78.8,130.9,352.0,1265.0,9.0,
111400,1866.8,18.0,72.7,183.6,352.0,1265.0,9.0,
111500,1864.3,17.4,64.8,187.5,352.0,1265.0,9.0,
111600,1866.3,17.5,57.1,205.1,352.0,1265.0,9.0,
111700,1863.4,19.6,48.2,220.7,352.0,1265.0,9.0,
111900,1862.3,77.4,28.3,205.1,352.0,1265.0,9.0,
112000,1865.2,76.4,39.5,99.6,352.0,1265.0,9.0,
112100,1860.8,65.5,51.0,64.5,352.0,1265.0,9.0,
112200,1859.3,58.4,62.1,64.5,352.0,1265.0,9.0,
112300,1856.2,79.1,69.7,64.5,352.0,1265.0,9.0,
112400,1866.8,76.0,75.9,66.4,352.0,1265.0,9.0,
112500,1862.6,18.1,81.4,66.4,352.0,1265.0,9.0,
112600,1861.8,16.6,81.3,66.4,352.0,1265.0,9.0,
112700,1861.9,17.8,81.3,68.4,352.0,1265.0,9.0,
112900,1865.0,18.4,79.7,125.0,352.0,1265.0,9.0,
113000,1859.6,17.8,74.8,195.3,352.0,1265.0,9.0,
113100,1865.1,18.5,67.5,197.3,352.0,1265.0,9.0,
113200,1858.8,20.6,57.4,193.4,352.0,1265.0,9.0,
113300,1858.5,17.6,47.9,191.4,352.0,1265.0,9.0,
113400,1865.5,17.7,36.9,179.7,352.0,1265.0,9.0,
113500,1859.2,55.9,28.0,179.7,352.0,1265.0,9.0,
113600,1872.6,78.9,39.1,97.7,352.0,1265.0,9.0,
113700,1868.4,79.1,48.1,66.4,352.0,1265.0,9.0,
113900,1858.0,59.6,67.7,64.5,352.0,1265.0,9.0,
114000,1869.2,76.9,74.6,64.5,352.0,1265.0,9.0,
114100,1864.0,22.3,80.5,66.4,352.0,1265.0,9.0,
114200,1862.0,17.3,80.5,66.4,352.0,1265.0,9.0,
114300,1862.8,16.9,80.5,74.2,352.0,1265.0,9.0,
114400,1863.1,16.6,80.6,91.8,352.0,1265.0,9.0,
114500,1861.2,16.7,78.8,121.1,352.0,1265.0,9.0,
114600,1864.3,17.5,74.0,189.5,352.0,1265.0,9.0,
114700,1863.4,16.1,68.5,187.5,352.0,1265.0,9.0,
114900,1859.6,17.1,49.3,216.8,352.0,1265.0,9.0,
115000,1863.5,16.1,38.0,214.8,352.0,1265.0,9.0,
115100,1860.2,57.8,24.2,201.2,352.0,1265.0,9.0,
115200,1862.2,68.9,37.9,103.5,352.0,1265.0,9.0,
115300,1863.8,79.5,50.2,64.5,352.0,1265.0,9.0,
115400,1861.2,74.4,58.8,64.5,352.0,1265.0,9.0,
115500,1862.9,61.4,66.3,64.5,352.0,1265.0,9.0,
115600,1858.6,58.3,73.8,64.5,352.0,1265.0,9.0,
115700,1866.9,20.7,79.5,66.4,352.0,1265.0,9.0,
115900,1864.4,15.4,79.4,66.4,352.0,1265.0,9.0,
116000,1861.5,16.0,79.4,68.4,352.0,1265.0,9.0,
116100,1865.2,17.8,78.9,119.1,352.0,1265.0,9.0,
116200,1861.5,19.2,73.3,187.5,352.0,1265.0,9.0,
116300,1863.2,13.5,65.3,207.0,352.0,1265.0,9.0,
116400,1860.6,15.2,57.6,220.7,352.0,1265.0,9.0,
116500,1859.4,15.4,48.8,224.6,352.0,1265.0,9.0,
116600,1862.0,15.9,36.4,226.6,352.0,1265.0,9.0,
116700,1864.4,60.8,21.0,212.9,352.0,1265.0,9.0,
116900,1859.2,60.3,47.3,64.5,352.0,1265.0,9.0,
117000,1871.7,80.6,57.3,64.5,352.0,1265.0,9.0,
117100,1863.8,69.4,65.2,64.5,352.0,1265.0,9.0,
117200,1856.1,60.6,71.5,66.4,352.0,1265.0,9.0,
117300,1853.1,23.4,78.9,66.4,352.0,1265.0,9.0,
117400,1866.5,17.6,79.5,66.4,352.0,1265.0,9.0,
117500,1863.6,17.1,79.5,66.4,352.0,1265.0,9.0,
117600,1863.9,16.8,79.5,66.4,352.0,1265.0,9.0,
117700,1859.7,18.2,79.6,97.7,352.0,1265.0,9.0,
117900,1861.1,16.7,67.4,244.1,352.0,1265.0,9.0,
118000,1862.1,17.4,59.3,220.7,352.0,1265.0,9.0,
118100,1860.0,13.7,50.6,195.3,352.0,1265.0,9.0,
118200,1862.9,17.3,40.9,195.3,352.0,1265.0,9.0,
118300,1864.4,72.9,23.9,218.8,352.0,1265.0,9.0,
118400,1858.8,79.2,35.3,179.7,352.0,1265.0,9.0,
118500,1863.0,63.2,46.1,64.5,352.0,1265.0,9.0,
118600,1863.8,51.9,57.4,64.5,352.0,1265.0,9.0,
118700,1869.7,80.3,64.3,64.5,352.0,1265.0,9.0,
118900,1865.0,21.6,76.9,66.4,352.0,1265.0,9.0,
119000,1863.9,15.4,78.6,66.4,352.0,1265.0,9.0,
119100,1863.2,17.0,78.6,68.4,352.0,1265.0,9.0,
119200,1860.7,14.9,78.6,93.8,352.0,1265.0,9.0,
119300,1863.6,15.7,78.6,99.6,352.0,1265.0,9.0,
119400,1860.9,15.1,73.7,193.4,352.0,1265.0,9.0,
119500,1862.0,18.6,67.4,193.4,352.0,1265.0,9.0,
119600,1862.3,16.5,58.1,199.2,352.0,1265.0,9.0,
119700,1862.4,21.6,50.2,236.3,352.0,1265.0,9.0,
119900,1859.2,51.1,27.6,248.0,352.0,1265.0,9.0,
120000,1867.5,69.0,31.1,175.8,352.0,1265.0,9.0,
120100,1862.1,63.4,39.2,66.4,352.0,1265.0,9.0,
120200,1860.6,62.3,46.5,64.5,352.0,1265.0,9.0,
120300,1855.1,53.1,56.0,64.5,352.0,1265.0,9.0,
120400,1865.6,73.1,62.1,64.5,352.0,1265.0,9.0,
120500,1862.1,26.2,68.0,64.5,352.0,1265.0,9.0,
120600,1859.5,16.5,70.0,66.4,352.0,1265.0,9.0,
120700,1862.4,17.2,70.0,68.4,352.0,1265.0,9.0,
120900,1861.7,17.0,69.7,95.7,352.0,1265.0,9.0,
121000,1859.8,15.1,66.3,183.6,352.0,1265.0,9.0,
121100,1862.9,17.5,61.9,169.9,352.0,1265.0,9.0,
121200,1866.4,17.3,56.6,175.8,352.0,1265.0,9.0,
121300,1862.5,17.2,47.3,189.5,352.0,1265.0,9.0,
121400,1861.1,14.1,38.9,226.6,352.0,1265.0,9.0,
121500,1861.5,51.0,27.3,252.0,352.0,1265.0,9.0,
121600,1861.6,49.4,31.1,173.8,352.0,1265.0,9.0,
121700,1864.7,74.1,39.0,64.5,352.0,1265.0,9.0,
121900,1860.8,56.5,53.4,64.5,352.0,1265.0,9.0,
122000,1859.3,46.8,61.3,64.5,352.0,1265.0,9.0,
122100,1868.4,23.3,66.8,64.5,352.0,1265.0,9.0,
122200,1863.6,19.5,68.3,66.4,352.0,1265.0,9.0,
122300,1858.5,18.0,68.4,66.4,352.0,1265.0,9.0,
122400,1865.2,18.4,68.3,68.4,352.0,1265.0,9.0,
122500,1863.3,18.0,68.5,95.7,352.0,1265.0,9.0,
122600,1859.5,16.6,64.6,168.0,352.0,1265.0,9.0,
122700,1860.5,16.7,60.3,207.0,352.0,1265.0,9.0,
122900,1862.0,18.0,48.1,193.4,352.0,1265.0,9.0,
123000,1860.9,14.8,37.6,226.6,352.0,1265.0,9.0,
123100,1858.6,61.7,26.6,226.6,352.0,1265.0,9.0,
123200,1862.0,60.7,30.8,214.8,352.0,1265.0,9.0,
123300,1855.4,55.2,42.0,64.5,352.0,1265.0,9.0,
123400,1859.8,73.9,50.7,60.5,352.0,1265.0,9.0,
123500,1864.1,71.1,58.2,64.5,352.0,1265.0,9.0,
123600,1860.7,61.0,64.9,64.5,352.0,1265.0,9.0,
123700,1851.3,32.0,72.3,64.5,352.0,1265.0,9.0,
123900,1865.7,16.9,74.7,66.4,352.0,1265.0,9.0,
124000,1861.8,16.0,74.7,68.4,352.0,1265.0,9.0,
124100,1861.0,17.1,74.7,95.7,352.0,1265.0,9.0,
124200,1861.9,16.8,71.7,181.6,352.0,1265.0,9.0,
124300,1864.1,18.3,65.7,195.3,352.0,1265.0,9.0,
124400,1863.8,15.8,59.4,224.6,352.0,1265.0,9.0,
124500,1863.6,15.6,52.1,240.2,352.0,1265.0,9.0,
124600,1863.8,20.2,43.4,224.6,352.0,1265.0,9.0,
124700,1861.2,67.9,29.6,212.9,352.0,1265.0,9.0,
124900,1850.7,63.9,41.6,66.4,352.0,1265.0,9.0,
125000,1862.5,56.9,52.3,62.5,352.0,1265.0,9.0,
125100,1866.5,81.2,60.0,64.5,352.0,1265.0,9.0,
125200,1866.5,80.3,67.8,64.5,352.0,1265.0,9.0,
125300,1859.3,38.7,74.7,66.4,352.0,1265.0,9.0,
125400,1864.5,18.5,78.9,66.4,352.0,1265.0,9.0,
125500,1865.7,17.1,78.9,66.4,352.0,1265.0,9.0,
125600,1863.9,20.0,79.0,66.4,352.0,1265.0,9.0,
125700,1861.6,18.0,78.9,93.8,352.0,1265.0,9.0,
125900,1862.9,18.9,70.9,203.1,352.0,1265.0,9.0,
126000,1861.8,18.0,63.5,222.7,352.0,1265.0,9.0,
126100,1861.5,17.4,56.4,197.3,352.0,1265.0,9.0,
126200,1858.9,19.7,46.7,189.5,352.0,1265.0,9.0,
126300,1863.6,56.1,34.9,181.6,352.0,1265.0,9.0,
126400,1862.0,74.0,32.2,181.6,352.0,1265.0,9.0,
126500,1863.7,67.9,41.6,66.4,352.0,1265.0,9.0,
126600,1862.1,63.0,49.6,60.5,352.0,1265.0,9.0,
126700,1859.6,58.7,59.1,64.5,352.0,1265.0,9.0,
126900,1862.6,39.8,73.2,64.5,352.0,1265.0,9.0,
127000,1866.7,19.6,76.6,64.5,352.0,1265.0,9.0,
127100,1862.1,20.2,76.7,66.4,352.0,1265.0,9.0,
127200,1859.0,16.8,76.7,80.1,352.0,1265.0,9.0,
127300,1861.1,19.8,76.6,95.7,352.0,1265.0,9.0,
127400,1864.5,19.4,73.5,205.1,352.0,1265.0,9.0,
127500,1863.5,16.2,68.6,238.3,352.0,1265.0,9.0,
127600,1863.9,21.6,63.1,222.7,352.0,1265.0,9.0,
127700,1862.1,20.1,54.4,232.4,352.0,1265.0,9.0,
127900,1862.2,53.0,33.0,226.6,352.0,1265.0,9.0,
128000,1860.3,59.1,31.5,201.2,352.0,1265.0,9.0,
128100,1867.3,74.3,41.5,74.2,352.0,1265.0,9.0,
128200,1864.3,74.8,49.7,64.5,352.0,1265.0,9.0,
128300,1859.7,68.4,57.1,64.5,352.0,1265.0,9.0,
128400,1853.9,52.7,67.3,64.5,352.0,1265.0,9.0,
128500,1873.7,48.1,73.0,64.5,352.0,1265.0,9.0,
128600,1862.4,18.2,76.9,64.5,352.0,1265.0,9.0,
128700,1864.2,18.6,76.8,66.4,352.0,1265.0,9.0,
128900,1861.5,15.7,76.8,93.8,352.0,1265.0,9.0,
129000,1859.9,15.3,73.9,175.8,352.0,1265.0,9.0,
129100,1861.4,16.9,68.8,193.4,352.0,1265.0,9.0,
129200,1864.3,12.5,63.0,224.6,352.0,1265.0,9.0,
129300,1859.1,22.2,56.2,250.0,352.0,1265.0,9.0,
129400,1860.1,19.1,43.6,248.0,352.0,1265.0,9.0,
129500,1862.0,49.2,33.0,228.5,352.0,1265.0,9.0,
129600,1864.9,64.6,26.9,234.4,352.0,1265.0,9.0,
129700,1857.6,52.8,40.4,97.7,352.0,1265.0,9.0,
129900,1860.3,70.5,58.0,64.5,352.0,1265.0,9.0,
130000,1856.2,64.3,65.0,64.5,352.0,1265.0,9.0,
130100,1859.1,49.0,72.8,64.5,352.0,1265.0,9.0,
130200,1864.5,14.8,76.1,66.4,352.0,1265.0,9.0,
130300,1859.4,15.5,76.2,66.4,352.0,1265.0,9.0,
130400,1863.9,17.5,76.0,76.2,352.0,1265.0,9.0,
130500,1864.0,14.9,76.0,93.8,352.0,1265.0,9.0,
130600,1862.7,16.7,74.5,171.9,352.0,1265.0,9.0,
130700,1859.5,14.5,68.1,205.1,352.0,1265.0,9.0,
130900,1857.8,18.5,53.8,181.6,352.0,1265.0,9.0,
131000,1860.4,18.0,45.2,199.2,352.0,1265.0,9.0,
131100,1863.0,43.9,31.1,226.6,352.0,1265.0,9.0,
131200,1862.9,78.5,27.5,210.9,352.0,1265.0,9.0,
131300,1858.8,70.6,39.1,95.7,352.0,1265.0,9.0,
131400,1851.4,62.6,51.8,64.5,352.0,1265.0,9.0,
131500,1869.1,73.5,61.0,64.5,352.0,1265.0,9.0,
131600,1864.7,73.5,68.0,64.5,352.0,1265.0,9.0,
131700,1861.4,65.7,73.7,64.5,352.0,1265.0,9.0,
131900,1858.3,15.9,78.9,66.4,352.0,1265.0,9.0,
132000,1863.5,17.8,78.8,66.4,352.0,1265.0,9.0,
132100,1860.0,17.2,78.9,68.4,352.0,1265.0,9.0,
132200,1860.0,17.1,77.1,169.9,352.0,1265.0,9.0,
132300,1861.3,13.5,72.0,220.7,352.0,1265.0,9.0,
132400,1859.6,18.4,63.4,224.6,352.0,1265.0,9.0,hard
132500,1864.1,15.9,54.6,238.3,352.0,1265.0,9.0,
132600,1861.4,16.7,45.7,218.8,352.0,1265.0,9.0,
132700,1858.7,21.0,35.7,199.2,352.0,1265.0,9.0,
132900,1865.2,81.2,39.6,80.1,352.0,1265.0,9.0,
133000,1854.9,70.0,50.3,54.7,352.0,1265.0,9.0,
133100,1860.2,54.8,61.3,58.6,352.0,1265.0,9.0,
133200,1867.5,75.8,67.9,64.5,352.0,1265.0,9.0,
133300,1856.0,77.0,74.3,64.5,352.0,1265.0,9.0,
133400,1857.0,21.4,80.4,64.5,352.0,1265.0,9.0,
133500,1860.6,17.0,80.4,64.5,352.0,1265.0,9.0,
133600,1858.9,17.5,80.4,66.4,352.0,1265.0,9.0,
133700,1862.6,16.0,80.4,66.4,352.0,1265.0,9.0,
133900,1861.7,15.2,73.3,197.3,352.0,1265.0,9.0,
134000,1859.6,15.3,66.4,210.9,352.0,1265.0,9.0,
134100,1860.3,12.6,56.4,205.1,352.0,1265.0,9.0,
134200,1862.7,16.3,48.1,191.4,352.0,1265.0,9.0,
134300,1863.2,18.8,37.5,171.9,352.0,1265.0,9.0,
134400,1859.9,60.3,24.8,179.7,352.0,1265.0,9.0,
134500,1862.6,78.9,37.5,95.7,352.0,1265.0,9.0,
134600,1865.8,75.6,47.3,62.5,352.0,1265.0,9.0,
134700,1859.5,70.9,55.8,64.5,352.0,1265.0,9.0,
134900,1861.8,77.1,73.9,64.5,352.0,1265.0,9.0,
135000,1860.4,20.3,80.0,64.5,352.0,1265.0,9.0,
135100,1862.2,15.6,80.0,66.4,352.0,1265.0,9.0,
135200,1864.6,15.1,80.1,66.4,352.0,1265.0,9.0,
135300,1860.7,15.9,80.0,84.0,352.0,1265.0,9.0,
135400,1863.6,17.4,79.1,121.1,352.0,1265.0,9.0,
135500,1865.9,19.0,73.9,236.3,352.0,1265.0,9.0,
135600,1867.0,14.2,68.2,197.3,352.0,1265.0,9.0,
135700,1861.6,17.9,61.4,175.8,352.0,1265.0,9.0,
135900,1863.5,18.6,37.8,175.8,352.0,1265.0,9.0,
136000,1860.4,61.7,23.0,224.6,352.0,1265.0,9.0,
136100,1861.1,62.0,37.8,121.1,352.0,1265.0,9.0,
136200,1867.5,80.4,50.4,66.4,352.0,1265.0,9.0,
136300,1860.6,85.6,59.7,64.5,352.0,1265.0,9.0,
136400,1854.6,70.1,68.3,64.5,352.0,1265.0,9.0,
136500,1856.3,59.8,76.9,64.5,352.0,1265.0,9.0,
136600,1866.0,23.1,83.3,64.5,352.0,1265.0,9.0,
136700,1862.8,16.9,83.3,66.4,352.0,1265.0,9.0,
136900,1864.0,18.2,83.3,89.8,352.0,1265.0,9.0,
137000,1857.7,17.8,83.1,95.7,352.0,1265.0,9.0,
137100,1861.1,23.8,77.5,191.4,352.0,1265.0,9.0,
137200,1865.5,21.7,70.4,224.6,352.0,1265.0,9.0,
137300,1865.6,18.9,62.9,216.8,352.0,1265.0,9.0,
137400,1860.3,16.4,53.6,136.7,352.0,1265.0,9.0,
137500,1863.7,17.7,40.3,132.8,352.0,1265.0,9.0,
137600,1858.5,64.1,24.3,154.3,352.0,1265.0,9.0,
137700,1861.7,63.9,34.5,119.1,352.0,1265.0,9.0,
137900,1860.6,80.0,57.2,64.5,352.0,1265.0,9.0,
138000,1862.0,75.8,65.1,64.5,352.0,1265.0,9.0,
138100,1863.2,69.1,71.9,64.5,352.0,1265.0,9.0,
138200,1854.1,21.7,78.5,64.5,352.0,1265.0,9.0,
138300,1867.5,19.3,78.8,66.4,352.0,1265.0,9.0,
138400,1861.9,17.1,78.8,66.4,352.0,1265.0,9.0,
138500,1862.7,20.1,78.7,66.4,352.0,1265.0,9.0,
138600,1866.3,17.4,78.8,101.6,352.0,1265.0,9.0,
138700,1861.7,16.6,74.9,214.8,352.0,1265.0,9.0,
138900,1860.3,17.2,59.4,179.7,352.0,1265.0,9.0,
139000,1862.7,20.3,50.5,187.5,352.0,1265.0,9.0,
139100,1862.1,21.3,40.5,209.0,352.0,1265.0,9.0,
139200,1860.9,67.0,24.7,216.8,352.0,1265.0,9.0,
139300,1864.3,90.2,34.3,160.2,352.0,1265.0,9.0,
139400,1853.1,70.7,47.6,64.5,352.0,1265.0,9.0,
139500,1855.1,61.1,59.6,64.5,352.0,1265.0,9.0,
139600,1866.8,80.0,67.7,64.5,352.0,1265.0,9.0,
139700,1858.0,82.1,74.6,64.5,352.0,1265.0,9.0,
139900,1859.4,19.3,82.9,66.4,352.0,1265.0,9.0,
140000,1864.2,17.6,82.9,66.4,352.0,1265.0,9.0,
140100,1860.5,20.0,82.8,66.4,352.0,1265.0,9.0,
140200,1859.5,15.7,82.8,93.8,352.0,1265.0,9.0,
140300,1862.8,15.2,78.9,183.6,352.0,1265.0,9.0,
140400,1863.5,19.3,71.6,197.3,352.0,1265.0,9.0,
140500,1866.6,18.3,62.1,222.7,352.0,1265.0,9.0,
140600,1859.9,17.5,52.9,240.2,352.0,1265.0,9.0,
140700,1861.4,19.2,42.5,232.4,352.0,1265.0,9.0,
140900,1856.0,76.7,36.4,150.4,352.0,1265.0,9.0,
141000,1868.5,79.7,45.5,62.5,352.0,1265.0,9.0,
141100,1864.1,67.1,54.9,62.5,352.0,1265.0,9.0,
141200,1852.7,55.6,64.3,64.5,352.0,1265.0,9.0,
141300,1862.3,72.4,71.3,64.5,352.0,1265.0,9.0,
141400,1862.5,26.9,77.6,66.4,352.0,1265.0,9.0,
141500,1863.0,18.9,79.1,64.5,352.0,1265.0,9.0,
141600,1863.2,18.4,79.1,66.4,352.0,1265.0,9.0,
141700,1858.1,14.3,79.2,76.2,352.0,1265.0,9.0,
141900,1860.9,16.5,73.9,199.2,352.0,1265.0,9.0,
142000,1858.0,19.5,68.7,205.1,352.0,1265.0,9.0,
142100,1858.3,17.6,61.5,195.3,352.0,1265.0,9.0,
142200,1860.8,15.0,51.5,197.3,352.0,1265.0,9.0,
142300,1859.3,17.5,41.0,209.0,352.0,1265.0,9.0,
142400,1858.9,60.6,27.4,197.3,352.0,1265.0,9.0,
142500,1858.3,56.2,32.9,169.9,352.0,1265.0,9.0,
142600,1864.7,81.8,44.5,66.4,352.0,1265.0,9.0,
142700,1858.9,83.8,53.6,64.5,352.0,1265.0,9.0,
142900,1854.2,54.9,71.6,64.5,352.0,1265.0,9.0,
143000,1863.0,30.1,78.2,64.5,352.0,1265.0,9.0,
143100,1860.5,19.5,80.3,66.4,352.0,1265.0,9.0,
143200,1861.8,18.0,80.2,66.4,352.0,1265.0,9.0,
143300,1861.1,15.7,80.4,66.4,352.0,1265.0,9.0,
143400,1863.1,19.1,80.4,87.9,352.0,1265.0,9.0,
143500,1861.0,20.4,76.7,207.0,352.0,1265.0,9.0,
143600,1859.0,20.3,70.6,214.8,352.0,1265.0,9.0,
143700,1863.3,16.7,64.0,207.0,352.0,1265.0,9.0,
143900,1861.7,17.2,42.7,195.3,352.0,1265.0,9.0,
144000,1863.1,71.1,28.5,181.6,352.0,1265.0,9.0,
144100,1859.5,68.5,31.3,164.1,352.0,1265.0,9.0,
144200,1855.0,70.4,44.9,64.5,352.0,1265.0,9.0,
144300,1866.6,76.4,56.8,62.5,352.0,1265.0,9.0,
144400,1863.8,76.3,64.5,64.5,352.0,1265.0,9.0,
144500,1859.9,67.6,70.3,64.5,352.0,1265.0,9.0,
144600,1851.1,34.4,77.5,64.5,352.0,1265.0,9.0,
144700,1859.6,17.5,80.1,66.4,352.0,1265.0,9.0,
144900,1860.9,16.5,80.1,66.4,352.0,1265.0,9.0,
145000,1863.2,17.3,80.1,87.9,352.0,1265.0,9.0,
145100,1862.4,18.7,76.9,166.0,352.0,1265.0,9.0,
145200,1861.7,16.4,70.0,160.2,352.0,1265.0,9.0,
145300,1859.0,15.6,60.7,144.5,352.0,1265.0,9.0,
145400,1860.0,15.5,52.4,158.2,352.0,1265.0,9.0,
145500,1857.8,16.0,44.1,175.8,352.0,1265.0,9.0,
145600,1857.4,59.2,29.7,187.5,352.0,1265.0,9.0,
145700,1859.1,83.3,29.4,203.1,352.0,1265.0,9.0,
145900,1855.5,54.4,55.4,60.5,352.0,1265.0,9.0,
146000,1867.0,69.4,63.5,64.5,352.0,1265.0,9.0,
146100,1859.9,83.6,69.6,64.5,352.0,1265.0,9.0,
146200,1853.4,35.5,75.8,64.5,352.0,1265.0,9.0,
146300,1859.9,22.8,79.2,64.5,352.0,1265.0,9.0,
146400,1863.9,19.9,79.4,64.5,352.0,1265.0,9.0,
146500,1860.8,18.6,79.4,66.4,352.0,1265.0,9.0,
146600,1859.8,18.1,79.5,85.9,352.0,1265.0,9.0,
146700,1864.1,15.0,77.0,175.8,352.0,1265.0,9.0,
146900,1861.4,18.5,61.2,164.1,352.0,1265.0,9.0,
147000,1859.8,13.3,52.7,125.0,352.0,1265.0,9.0,
147100,1860.3,18.0,44.3,173.8,352.0,1265.0,9.0,
147200,1854.6,53.3,32.3,197.3,352.0,1265.0,9.0,
147300,1858.0,80.3,32.8,191.4,352.0,1265.0,9.0,
147400,1862.5,79.3,42.3,62.5,352.0,1265.0,9.0,
147500,1856.8,66.3,51.6,50.8,352.0,1265.0,9.0,
147600,1852.2,63.4,61.1,64.5,352.0,1265.0,9.0,
147700,1864.7,75.9,69.2,64.5,352.0,1265.0,9.0,
147900,1855.3,15.1,79.8,64.5,352.0,1265.0,9.0,
148000,1863.8,14.9,79.7,66.4,352.0,1265.0,9.0,
148100,1857.1,17.0,79.8,72.3,352.0,1265.0,9.0,
148200,1859.3,15.2,79.7,82.0,352.0,1265.0,9.0,
148300,1861.7,14.3,76.0,156.3,352.0,1265.0,9.0,
148400,1860.5,15.0,71.0,205.1,352.0,1265.0,9.0,
148500,1859.7,16.8,64.5,199.2,352.0,1265.0,9.0,
148600,1859.1,17.9,55.4,185.5,352.0,1265.0,9.0,
148700,1855.2,16.5,44.9,185.5,352.0,1265.0,9.0,
148900,1859.3,28.2,29.6,205.1,352.0,1265.0,9.0,
149000,1866.4,19.3,33.8,99.6,352.0,1265.0,9.0,
149100,1863.6,15.0,33.8,66.4,352.0,1265.0,9.0,
