Time(ms),ENV_Value,RMS,MDF,MW_Amp,MW_Area,MW_Latency,Marker
0,0.0,15.2,230.5,0.0,0.0,0.0,
100,31.4,15.2,230.5,0.0,0.0,0.0,
200,19.8,15.2,230.5,0.0,0.0,0.0,
300,11.8,15.2,230.5,0.0,0.0,0.0,
400,10.4,15.2,230.5,0.0,0.0,0.0,
500,7.1,15.2,230.5,0.0,0.0,0.0,
600,3.7,28.4,97.7,0.0,0.0,0.0,
700,5.3,28.4,97.7,0.0,0.0,0.0,
800,3.2,28.4,97.7,0.0,0.0,0.0,
900,2.7,28.4,97.7,0.0,0.0,0.0,
1000,2.9,28.4,97.7,0.0,0.0,0.0,
1100,2.5,28.4,97.7,0.0,0.0,0.0,
1200,4.1,28.4,97.7,0.0,0.0,0.0,
1300,6.5,28.4,97.7,0.0,0.0,0.0,
1400,22.5,28.4,97.7,0.0,0.0,0.0,
1500,32.8,28.4,97.7,0.0,0.0,0.0,
1600,22.7,15.7,144.5,0.0,0.0,0.0,
1700,31.2,15.7,144.5,0.0,0.0,0.0,
1800,16.0,15.7,144.5,0.0,0.0,0.0,
1900,12.6,15.7,144.5,0.0,0.0,0.0,
2000,13.3,15.7,144.5,0.0,0.0,0.0,
2100,10.6,15.7,144.5,0.0,0.0,0.0,
2200,3.0,15.7,144.5,0.0,0.0,0.0,
2300,3.6,15.7,144.5,0.0,0.0,0.0,
2400,2.6,15.7,144.5,0.0,0.0,0.0,
2500,2.5,15.7,144.5,0.0,0.0,0.0,
2600,2.6,20.9,109.4,0.0,0.0,0.0,
2700,2.2,20.9,109.4,0.0,0.0,0.0,
2800,2.9,20.9,109.4,0.0,0.0,0.0,
2900,16.3,20.9,109.4,0.0,0.0,0.0,
3000,31.7,20.9,109.4,0.0,0.0,0.0,
3100,22.8,20.9,109.4,0.0,0.0,0.0,
3200,24.4,20.9,109.4,0.0,0.0,0.0,
3300,26.9,20.9,109.4,0.0,0.0,0.0,
3400,18.2,20.9,109.4,0.0,0.0,0.0,
3500,13.4,20.9,109.4,0.0,0.0,0.0,
3700,18.1,20.9,109.4,0.0,0.0,0.0,
3800,3.9,20.9,109.4,0.0,0.0,0.0,
3900,4.3,20.9,109.4,0.0,0.0,0.0,
4000,4.3,20.9,109.4,0.0,0.0,0.0,
4100,4.1,20.9,109.4,0.0,0.0,0.0,
4200,2.8,20.9,109.4,0.0,0.0,0.0,
4300,5.3,20.9,109.4,0.0,0.0,0.0,
4400,4.5,20.9,109.4,0.0,0.0,0.0,
4500,9.6,20.9,109.4,0.0,0.0,0.0,
4600,23.0,216.7,58.6,0.0,0.0,0.0,
4700,22.4,216.7,58.6,0.0,0.0,0.0,
4800,29.5,216.7,58.6,0.0,0.0,0.0,
4900,20.1,216.7,58.6,0.0,0.0,0.0,
5000,11.1,216.7,58.6,0.0,0.0,0.0,
5100,10.5,216.7,58.6,0.0,0.0,0.0,
5200,7.1,216.7,58.6,0.0,0.0,0.0,
5300,12.3,216.7,58.6,0.0,0.0,0.0,
5400,5.2,216.7,58.6,0.0,0.0,0.0,
5500,2.7,216.7,58.6,0.0,0.0,0.0,
5600,2.4,23.6,109.4,0.0,0.0,0.0,
5700,3.9,23.6,109.4,0.0,0.0,0.0,
5800,4.1,23.6,109.4,0.0,0.0,0.0,
5900,3.0,23.6,109.4,0.0,0.0,0.0,
6000,3.5,23.6,109.4,0.0,0.0,0.0,
6100,2.7,23.6,109.4,0.0,0.0,0.0,
6200,5.2,23.6,109.4,0.0,0.0,0.0,
6300,14.1,23.6,109.4,0.0,0.0,0.0,
6400,16.3,23.6,109.4,0.0,0.0,0.0,
6500,25.0,23.6,109.4,0.0,0.0,0.0,
6600,27.4,11.8,125.0,0.0,0.0,0.0,
6700,16.0,11.8,125.0,0.0,0.0,0.0,
6800,16.8,11.8,125.0,0.0,0.0,0.0,
6900,11.2,11.8,125.0,0.0,0.0,0.0,
7000,4.1,11.8,125.0,0.0,0.0,0.0,
7100,3.2,11.8,125.0,0.0,0.0,0.0,
7200,4.5,11.8,125.0,0.0,0.0,0.0,
7300,6.3,11.8,125.0,0.0,0.0,0.0,
7400,2.4,11.8,125.0,0.0,0.0,0.0,
7500,4.3,11.8,125.0,0.0,0.0,0.0,
7600,3.3,20.9,109.4,0.0,0.0,0.0,
7700,2.6,20.9,109.4,0.0,0.0,0.0,
7800,3.7,20.9,109.4,0.0,0.0,0.0,
7900,4.2,20.9,109.4,0.0,0.0,0.0,
8000,12.6,20.9,109.4,0.0,0.0,0.0,
8100,20.3,20.9,109.4,0.0,0.0,0.0,
8200,32.7,20.9,109.4,0.0,0.0,0.0,
8300,366.3,20.9,109.4,0.0,0.0,0.0,
8400,123.1,20.9,109.4,983.0,6885.0,5.0,
8500,18.4,20.9,109.4,983.0,6885.0,5.0,
8600,7.9,218.8,171.9,983.0,6885.0,5.0,
8700,5.9,218.8,171.9,983.0,6885.0,5.0,
8800,2.6,218.8,171.9,983.0,6885.0,5.0,
8900,3.3,218.8,171.9,983.0,6885.0,5.0,
9000,3.3,218.8,171.9,983.0,6885.0,5.0,
9100,3.2,218.8,171.9,983.0,6885.0,5.0,
9200,2.3,218.8,171.9,983.0,6885.0,5.0,
9300,2.9,218.8,171.9,983.0,6885.0,5.0,
9400,3.6,218.8,171.9,983.0,6885.0,5.0,
9500,10.5,218.8,171.9,983.0,6885.0,5.0,
9600,16.3,6.5,105.5,983.0,6885.0,5.0,
9700,33.9,6.5,105.5,983.0,6885.0,5.0,
9800,27.7,6.5,105.5,983.0,6885.0,5.0,
9900,23.4,6.5,105.5,983.0,6885.0,5.0,
10000,16.2,6.5,105.5,983.0,6885.0,5.0,
10100,10.5,6.5,105.5,983.0,6885.0,5.0,
10200,5.7,6.5,105.5,983.0,6885.0,5.0,
10300,8.6,6.5,105.5,983.0,6885.0,5.0,
10400,2.8,6.5,105.5,983.0,6885.0,5.0,
10500,4.2,6.5,105.5,983.0,6885.0,5.0,
10600,3.3,24.7,175.8,983.0,6885.0,5.0,
10700,2.6,24.7,175.8,983.0,6885.0,5.0,
10800,2.9,24.7,175.8,983.0,6885.0,5.0,
10900,3.0,24.7,175.8,983.0,6885.0,5.0,
11000,8.0,24.7,175.8,983.0,6885.0,5.0,
11100,16.6,24.7,175.8,983.0,6885.0,5.0,
11200,30.2,24.7,175.8,983.0,6885.0,5.0,
11300,30.9,24.7,175.8,983.0,6885.0,5.0,
11400,28.6,24.7,175.8,983.0,6885.0,5.0,
11500,23.6,24.7,175.8,983.0,6885.0,5.0,
11600,14.6,26.5,136.7,983.0,6885.0,5.0,
11700,12.1,26.5,136.7,983.0,6885.0,5.0,
11800,5.9,26.5,136.7,983.0,6885.0,5.0,
11900,2.7,26.5,136.7,983.0,6885.0,5.0,
12000,3.3,26.5,136.7,983.0,6885.0,5.0,
12100,2.7,26.5,136.7,983.0,6885.0,5.0,
12200,2.2,26.5,136.7,983.0,6885.0,5.0,
12300,3.0,26.5,136.7,983.0,6885.0,5.0,
12400,3.3,26.5,136.7,983.0,6885.0,5.0,
12500,4.0,26.5,136.7,983.0,6885.0,5.0,
12600,6.4,14.0,168.0,983.0,6885.0,5.0,
12700,19.9,14.0,168.0,983.0,6885.0,5.0,
12800,44.9,14.0,168.0,983.0,6885.0,5.0,
12900,27.9,14.0,168.0,983.0,6885.0,5.0,
13000,28.3,14.0,168.0,983.0,6885.0,5.0,
13100,30.8,14.0,168.0,983.0,6885.0,5.0,
13200,17.9,14.0,168.0,983.0,6885.0,5.0,
13300,11.8,14.0,168.0,983.0,6885.0,5.0,
13400,3.9,14.0,168.0,983.0,6885.0,5.0,
13500,3.0,14.0,168.0,983.0,6885.0,5.0,
13600,4.0,32.8,85.9,983.0,6885.0,5.0,
13700,3.0,32.8,85.9,983.0,6885.0,5.0,
13800,2.5,32.8,85.9,983.0,6885.0,5.0,
13900,3.6,32.8,85.9,983.0,6885.0,5.0,
14000,2.8,32.8,85.9,983.0,6885.0,5.0,
14100,3.7,32.8,85.9,983.0,6885.0,5.0,
14200,7.3,32.8,85.9,983.0,6885.0,5.0,
14300,12.7,32.8,85.9,983.0,6885.0,5.0,
14400,31.5,32.8,85.9,983.0,6885.0,5.0,
14500,28.7,32.8,85.9,983.0,6885.0,5.0,
14600,33.8,18.6,136.7,983.0,6885.0,5.0,
14700,31.2,18.6,136.7,983.0,6885.0,5.0,
14800,12.6,18.6,136.7,983.0,6885.0,5.0,
14900,7.1,18.6,136.7,983.0,6885.0,5.0,
15000,4.4,18.6,136.7,983.0,6885.0,5.0,
15100,4.4,18.6,136.7,983.0,6885.0,5.0,
15200,3.6,18.6,136.7,983.0,6885.0,5.0,
15300,2.9,18.6,136.7,983.0,6885.0,5.0,
15400,3.2,18.6,136.7,983.0,6885.0,5.0,
15500,2.8,18.6,136.7,983.0,6885.0,5.0,
15600,2.9,20.1,97.7,983.0,6885.0,5.0,
15700,2.9,20.1,97.7,983.0,6885.0,5.0,
15800,2.2,20.1,97.7,983.0,6885.0,5.0,
15900,3.7,20.1,97.7,983.0,6885.0,5.0,
16000,15.8,20.1,97.7,983.0,6885.0,5.0,
16100,17.8,20.1,97.7,983.0,6885.0,5.0,
16200,40.6,20.1,97.7,983.0,6885.0,5.0,
16300,48.1,20.1,97.7,983.0,6885.0,5.0,
16400,27.5,20.1,97.7,983.0,6885.0,5.0,
16500,14.4,20.1,97.7,983.0,6885.0,5.0,
16600,8.9,29.2,183.6,983.0,6885.0,5.0,
16700,3.3,29.2,183.6,983.0,6885.0,5.0,
16800,3.5,29.2,183.6,983.0,6885.0,5.0,
16900,3.3,29.2,183.6,983.0,6885.0,5.0,
17000,3.2,29.2,183.6,983.0,6885.0,5.0,
17100,3.2,29.2,183.6,983.0,6885.0,5.0,
17200,2.7,29.2,183.6,983.0,6885.0,5.0,
17300,3.1,29.2,183.6,983.0,6885.0,5.0,
17400,3.6,29.2,183.6,983.0,6885.0,5.0,
17500,5.2,29.2,183.6,983.0,6885.0,5.0,
17600,8.9,8.8,253.9,983.0,6885.0,5.0,
17700,10.6,8.8,253.9,983.0,6885.0,5.0,
17800,27.9,8.8,253.9,983.0,6885.0,5.0,
17900,46.3,8.8,253.9,983.0,6885.0,5.0,
18000,29.3,8.8,253.9,983.0,6885.0,5.0,
18100,20.6,8.8,253.9,983.0,6885.0,5.0,
18200,9.3,8.8,253.9,983.0,6885.0,5.0,
18300,3.6,8.8,253.9,983.0,6885.0,5.0,
18400,3.0,8.8,253.9,983.0,6885.0,5.0,
18500,3.1,8.8,253.9,983.0,6885.0,5.0,
18600,3.2,28.5,125.0,983.0,6885.0,5.0,
18700,2.9,28.5,125.0,983.0,6885.0,5.0,
18800,2.8,28.5,125.0,983.0,6885.0,5.0,
18900,4.0,28.5,125.0,983.0,6885.0,5.0,
19000,2.5,28.5,125.0,983.0,6885.0,5.0,
19100,3.9,28.5,125.0,983.0,6885.0,5.0,
19200,13.3,28.5,125.0,983.0,6885.0,5.0,
19300,22.7,28.5,125.0,983.0,6885.0,5.0,
19400,36.1,28.5,125.0,983.0,6885.0,5.0,
19500,36.3,28.5,125.0,983.0,6885.0,5.0,
19600,26.2,28.6,148.4,983.0,6885.0,5.0,
19700,305.4,28.6,148.4,983.0,6885.0,5.0,
19800,72.3,28.6,148.4,1043.0,7289.0,5.0,
19900,6.4,28.6,148.4,1043.0,7289.0,5.0,
20000,2.7,28.6,148.4,1043.0,7289.0,5.0,
20100,2.8,28.6,148.4,1043.0,7289.0,5.0,
20200,3.9,28.6,148.4,1043.0,7289.0,5.0,
20300,3.0,28.6,148.4,1043.0,7289.0,5.0,
20400,2.9,28.6,148.4,1043.0,7289.0,5.0,
20500,3.0,28.6,148.4,1043.0,7289.0,5.0,
20600,2.3,209.5,66.4,1043.0,7289.0,5.0,
20700,3.1,209.5,66.4,1043.0,7289.0,5.0,
20800,6.0,209.5,66.4,1043.0,7289.0,5.0,
20900,17.5,209.5,66.4,1043.0,7289.0,5.0,
21000,35.2,209.5,66.4,1043.0,7289.0,5.0,
21100,33.2,209.5,66.4,1043.0,7289.0,5.0,
21200,20.5,209.5,66.4,1043.0,7289.0,5.0,
21300,13.8,209.5,66.4,1043.0,7289.0,5.0,
21400,15.3,209.5,66.4,1043.0,7289.0,5.0,
21500,3.8,209.5,66.4,1043.0,7289.0,5.0,
21700,2.7,209.5,66.4,1043.0,7289.0,5.0,
21800,3.1,209.5,66.4,1043.0,7289.0,5.0,
21900,3.1,209.5,66.4,1043.0,7289.0,5.0,
22000,2.5,209.5,66.4,1043.0,7289.0,5.0,
22100,2.6,209.5,66.4,1043.0,7289.0,5.0,
22200,3.2,209.5,66.4,1043.0,7289.0,5.0,
22300,5.2,209.5,66.4,1043.0,7289.0,5.0,
22400,34.0,209.5,66.4,1043.0,7289.0,5.0,
22500,47.7,209.5,66.4,1043.0,7289.0,5.0,
22600,40.9,21.7,175.8,1043.0,7289.0,5.0,
22700,38.2,21.7,175.8,1043.0,7289.0,5.0,
22800,19.1,21.7,175.8,1043.0,7289.0,5.0,
22900,9.5,21.7,175.8,1043.0,7289.0,5.0,
23000,5.4,21.7,175.8,1043.0,7289.0,5.0,
23100,3.1,21.7,175.8,1043.0,7289.0,5.0,
23200,2.4,21.7,175.8,1043.0,7289.0,5.0,
23300,2.9,21.7,175.8,1043.0,7289.0,5.0,
23400,2.8,21.7,175.8,1043.0,7289.0,5.0,
23500,3.4,21.7,175.8,1043.0,7289.0,5.0,
23600,4.2,27.0,136.7,1043.0,7289.0,5.0,
23700,3.6,27.0,136.7,1043.0,7289.0,5.0,
23800,4.1,27.0,136.7,1043.0,7289.0,5.0,
23900,9.4,27.0,136.7,1043.0,7289.0,5.0,
24000,46.7,27.0,136.7,1043.0,7289.0,5.0,
24100,48.9,27.0,136.7,1043.0,7289.0,5.0,
24200,35.0,27.0,136.7,1043.0,7289.0,5.0,
24300,25.1,27.0,136.7,1043.0,7289.0,5.0,
24400,10.8,27.0,136.7,1043.0,7289.0,5.0,
24500,8.5,27.0,136.7,1043.0,7289.0,5.0,
24600,6.5,32.4,125.0,1043.0,7289.0,5.0,
24700,3.1,32.4,125.0,1043.0,7289.0,5.0,
24800,2.9,32.4,125.0,1043.0,7289.0,5.0,
24900,3.2,32.4,125.0,1043.0,7289.0,5.0,
25000,450.7,32.4,125.0,1218.0,9330.0,29.0,
25100,25.5,32.4,125.0,1022.0,7149.0,5.0,
25200,5.7,32.4,125.0,1022.0,7149.0,5.0,
25300,4.9,32.4,125.0,1022.0,7149.0,5.0,
25400,3.2,32.4,125.0,1022.0,7149.0,5.0,
25500,4.5,32.4,125.0,1022.0,7149.0,5.0,
25600,10.8,216.4,253.9,1022.0,7149.0,5.0,
25700,44.6,216.4,253.9,1022.0,7149.0,5.0,
25800,42.3,216.4,253.9,1022.0,7149.0,5.0,
25900,39.4,216.4,253.9,1022.0,7149.0,5.0,
26000,32.5,216.4,253.9,1022.0,7149.0,5.0,
26100,26.0,216.4,253.9,1022.0,7149.0,5.0,
26200,13.2,216.4,253.9,1022.0,7149.0,5.0,
26300,5.1,216.4,253.9,1022.0,7149.0,5.0,
26400,3.9,216.4,253.9,1022.0,7149.0,5.0,
26500,3.4,216.4,253.9,1022.0,7149.0,5.0,
26600,3.8,36.8,70.3,1022.0,7149.0,5.0,
26700,3.4,36.8,70.3,1022.0,7149.0,5.0,
26800,3.2,36.8,70.3,1022.0,7149.0,5.0,
26900,3.2,36.8,70.3,1022.0,7149.0,5.0,
27000,4.5,36.8,70.3,1022.0,7149.0,5.0,
27100,7.8,36.8,70.3,1022.0,7149.0,5.0,
27200,6.6,36.8,70.3,1022.0,7149.0,5.0,
27300,32.0,36.8,70.3,1022.0,7149.0,5.0,
27400,51.1,36.8,70.3,1022.0,7149.0,5.0,
27500,45.3,36.8,70.3,1022.0,7149.0,5.0,
27600,43.8,32.2,125.0,1022.0,7149.0,5.0,
27700,336.3,32.2,125.0,1084.0,7614.0,5.0,
27800,29.8,32.2,125.0,1084.0,7614.0,5.0,
27900,5.8,32.2,125.0,1084.0,7614.0,5.0,
28000,3.8,32.2,125.0,1084.0,7614.0,5.0,
28100,3.6,32.2,125.0,1084.0,7614.0,5.0,
28200,4.0,32.2,125.0,1084.0,7614.0,5.0,
28300,3.3,32.2,125.0,1084.0,7614.0,5.0,
28400,3.0,32.2,125.0,1084.0,7614.0,5.0,
28500,3.5,32.2,125.0,1084.0,7614.0,5.0,
28600,2.7,218.0,62.5,1084.0,7614.0,5.0,
28700,2.6,218.0,62.5,1084.0,7614.0,5.0,
28800,3.1,218.0,62.5,1084.0,7614.0,5.0,
28900,10.6,218.0,62.5,1084.0,7614.0,5.0,
29000,44.8,218.0,62.5,1084.0,7614.0,5.0,
29100,38.3,218.0,62.5,1084.0,7614.0,5.0,
29200,25.9,218.0,62.5,1084.0,7614.0,5.0,
29300,21.3,218.0,62.5,1084.0,7614.0,5.0,
29400,11.3,218.0,62.5,1084.0,7614.0,5.0,
29500,5.5,218.0,62.5,1084.0,7614.0,5.0,
29600,4.3,31.4,121.1,1084.0,7614.0,5.0,
29700,3.4,31.4,121.1,1084.0,7614.0,5.0,
29800,2.4,31.4,121.1,1084.0,7614.0,5.0,
29900,3.5,31.4,121.1,1084.0,7614.0,5.0,
30000,2.8,31.4,121.1,1084.0,7614.0,5.0,
30100,2.8,31.4,121.1,1084.0,7614.0,5.0,
30200,2.9,31.4,121.1,1084.0,7614.0,5.0,
30300,2.9,31.4,121.1,1084.0,7614.0,5.0,
30400,4.1,31.4,121.1,1084.0,7614.0,5.0,
30500,6.0,31.4,121.1,1084.0,7614.0,5.0,
30600,22.6,5.1,148.4,1084.0,7614.0,5.0,
30700,35.4,5.1,148.4,1084.0,7614.0,5.0,
30800,35.0,5.1,148.4,1084.0,7614.0,5.0,
30900,38.0,5.1,148.4,1084.0,7614.0,5.0,
31000,16.7,5.1,148.4,1084.0,7614.0,5.0,
31100,7.9,5.1,148.4,1084.0,7614.0,5.0,
31200,3.8,5.1,148.4,1084.0,7614.0,5.0,
31300,2.8,5.1,148.4,1084.0,7614.0,5.0,
31400,2.9,5.1,148.4,1084.0,7614.0,5.0,
31500,3.8,5.1,148.4,1084.0,7614.0,5.0,
31700,2.8,5.1,148.4,1084.0,7614.0,5.0,
31800,3.6,5.1,148.4,1084.0,7614.0,5.0,
31900,2.8,5.1,148.4,1084.0,7614.0,5.0,
32000,2.3,5.1,148.4,1084.0,7614.0,5.0,
32100,7.2,5.1,148.4,1084.0,7614.0,5.0,
32200,23.0,5.1,148.4,1084.0,7614.0,5.0,
32300,46.5,5.1,148.4,1084.0,7614.0,5.0,
32400,37.7,5.1,148.4,1084.0,7614.0,5.0,
32500,35.4,5.1,148.4,1084.0,7614.0,5.0,
32600,9.6,30.5,140.6,1084.0,7614.0,5.0,
32700,7.9,30.5,140.6,1084.0,7614.0,5.0,
32800,3.0,30.5,140.6,1084.0,7614.0,5.0,
32900,2.6,30.5,140.6,1084.0,7614.0,5.0,
33000,2.9,30.5,140.6,1084.0,7614.0,5.0,
33100,3.1,30.5,140.6,1084.0,7614.0,5.0,
33200,3.3,30.5,140.6,1084.0,7614.0,5.0,
33300,3.1,30.5,140.6,1084.0,7614.0,5.0,
33400,2.4,30.5,140.6,1084.0,7614.0,5.0,
33500,3.4,30.5,140.6,1084.0,7614.0,5.0,
33600,3.4,7.5,132.8,1084.0,7614.0,5.0,
33700,6.4,7.5,132.8,1084.0,7614.0,5.0,
33800,22.3,7.5,132.8,1084.0,7614.0,5.0,
33900,36.4,7.5,132.8,1084.0,7614.0,5.0,
34000,25.2,7.5,132.8,1084.0,7614.0,5.0,
34100,34.7,7.5,132.8,1084.0,7614.0,5.0,
34200,21.7,7.5,132.8,1084.0,7614.0,5.0,
34300,7.7,7.5,132.8,1084.0,7614.0,5.0,
34400,2.5,7.5,132.8,1084.0,7614.0,5.0,
34500,3.8,7.5,132.8,1084.0,7614.0,5.0,
34600,2.5,28.1,265.6,1084.0,7614.0,5.0,
34700,3.0,28.1,265.6,1084.0,7614.0,5.0,
34800,3.5,28.1,265.6,1084.0,7614.0,5.0,
34900,3.0,28.1,265.6,1084.0,7614.0,5.0,
35000,2.5,28.1,265.6,1084.0,7614.0,5.0,
35100,2.8,28.1,265.6,1084.0,7614.0,5.0,
35200,3.3,28.1,265.6,1084.0,7614.0,5.0,
35300,18.5,28.1,265.6,1084.0,7614.0,5.0,
35400,42.1,28.1,265.6,1084.0,7614.0,5.0,
35500,38.2,28.1,265.6,1084.0,7614.0,5.0,
35600,47.3,24.8,156.3,1084.0,7614.0,5.0,
35700,32.1,24.8,156.3,1084.0,7614.0,5.0,
35800,15.8,24.8,156.3,1084.0,7614.0,5.0,
35900,11.7,24.8,156.3,1084.0,7614.0,5.0,
36000,3.2,24.8,156.3,1084.0,7614.0,5.0,
36100,2.5,24.8,156.3,1084.0,7614.0,5.0,
36200,2.7,24.8,156.3,1084.0,7614.0,5.0,
36300,3.4,24.8,156.3,1084.0,7614.0,5.0,
36400,2.9,24.8,156.3,1084.0,7614.0,5.0,
36500,2.7,24.8,156.3,1084.0,7614.0,5.0,
36600,2.8,26.3,97.7,1084.0,7614.0,5.0,
36700,2.6,26.3,97.7,1084.0,7614.0,5.0,
36800,2.6,26.3,97.7,1084.0,7614.0,5.0,
36900,4.5,26.3,97.7,1084.0,7614.0,5.0,
37000,29.4,26.3,97.7,1084.0,7614.0,5.0,
37100,39.8,26.3,97.7,1084.0,7614.0,5.0,
37200,42.4,26.3,97.7,1084.0,7614.0,5.0,
37300,40.1,26.3,97.7,1084.0,7614.0,5.0,
37400,8.1,26.3,97.7,1084.0,7614.0,5.0,
37500,8.1,26.3,97.7,1084.0,7614.0,5.0,
37600,3.3,33.9,144.5,1084.0,7614.0,5.0,
37700,3.2,33.9,144.5,1084.0,7614.0,5.0,
37800,3.4,33.9,144.5,1084.0,7614.0,5.0,
37900,2.6,33.9,144.5,1084.0,7614.0,5.0,
38000,2.6,33.9,144.5,1084.0,7614.0,5.0,
38100,2.7,33.9,144.5,1084.0,7614.0,5.0,
38200,2.9,33.9,144.5,1084.0,7614.0,5.0,
38300,2.2,33.9,144.5,1084.0,7614.0,5.0,
38400,3.1,33.9,144.5,1084.0,7614.0,5.0,
38500,2.6,33.9,144.5,1084.0,7614.0,5.0,
38600,8.5,3.8,109.4,1084.0,7614.0,5.0,
38700,21.4,3.8,109.4,1084.0,7614.0,5.0,
38800,33.5,3.8,109.4,1084.0,7614.0,5.0,
38900,28.0,3.8,109.4,1084.0,7614.0,5.0,
39000,32.7,3.8,109.4,1084.0,7614.0,5.0,
39100,15.8,3.8,109.4,1084.0,7614.0,5.0,
39200,6.1,3.8,109.4,1084.0,7614.0,5.0,
39300,3.8,3.8,109.4,1084.0,7614.0,5.0,
39400,4.0,3.8,109.4,1084.0,7614.0,5.0,
39500,3.3,3.8,109.4,1084.0,7614.0,5.0,
39600,3.2,27.6,82.0,1084.0,7614.0,5.0,
39700,2.5,27.6,82.0,1084.0,7614.0,5.0,
39800,3.1,27.6,82.0,1084.0,7614.0,5.0,
39900,3.3,27.6,82.0,1084.0,7614.0,5.0,
40000,2.9,27.6,82.0,1084.0,7614.0,5.0,
40100,2.4,27.6,82.0,1084.0,7614.0,5.0,
40200,8.3,27.6,82.0,1084.0,7614.0,5.0,
40300,40.7,27.6,82.0,1084.0,7614.0,5.0,
40400,43.8,27.6,82.0,1084.0,7614.0,5.0,
40500,34.6,27.6,82.0,1084.0,7614.0,5.0,
40600,37.1,31.1,171.9,1084.0,7614.0,5.0,
40700,8.4,31.1,171.9,1084.0,7614.0,5.0,
40800,3.9,31.1,171.9,1084.0,7614.0,5.0,
40900,3.1,31.1,171.9,1084.0,7614.0,5.0,
41000,3.1,31.1,171.9,1084.0,7614.0,5.0,
41100,3.5,31.1,171.9,1084.0,7614.0,5.0,
41200,3.5,31.1,171.9,1084.0,7614.0,5.0,
41300,2.8,31.1,171.9,1084.0,7614.0,5.0,
41400,3.5,31.1,171.9,1084.0,7614.0,5.0,
41500,2.1,31.1,171.9,1084.0,7614.0,5.0,
41700,3.7,31.1,171.9,1084.0,7614.0,5.0,
41800,24.3,31.1,171.9,1084.0,7614.0,5.0,
41900,30.4,31.1,171.9,1084.0,7614.0,5.0,
42000,44.6,31.1,171.9,1084.0,7614.0,5.0,
42100,16.0,31.1,171.9,1084.0,7614.0,5.0,
42200,8.0,31.1,171.9,1084.0,7614.0,5.0,
42300,7.5,31.1,171.9,1084.0,7614.0,5.0,
42400,4.1,31.1,171.9,1084.0,7614.0,5.0,
42500,3.1,31.1,171.9,1084.0,7614.0,5.0,
42600,4.3,27.3,230.5,1084.0,7614.0,5.0,
42700,2.7,27.3,230.5,1084.0,7614.0,5.0,
42800,2.7,27.3,230.5,1084.0,7614.0,5.0,
42900,3.0,27.3,230.5,1084.0,7614.0,5.0,
43000,2.5,27.3,230.5,1084.0,7614.0,5.0,
43100,2.7,27.3,230.5,1084.0,7614.0,5.0,
43200,3.6,27.3,230.5,1084.0,7614.0,5.0,
43300,9.1,27.3,230.5,1084.0,7614.0,5.0,
43400,36.9,27.3,230.5,1084.0,7614.0,5.0,
43500,45.4,27.3,230.5,1084.0,7614.0,5.0,
43600,22.9,21.2,148.4,1084.0,7614.0,5.0,
43700,10.8,21.2,148.4,1084.0,7614.0,5.0,
43800,8.7,21.2,148.4,1084.0,7614.0,5.0,
43900,15.3,21.2,148.4,1084.0,7614.0,5.0,
44000,4.5,21.2,148.4,1084.0,7614.0,5.0,
44100,3.1,21.2,148.4,1084.0,7614.0,5.0,
44200,2.4,21.2,148.4,1084.0,7614.0,5.0,
44300,3.7,21.2,148.4,1084.0,7614.0,5.0,
44400,3.2,21.2,148.4,1084.0,7614.0,5.0,
44500,2.3,21.2,148.4,1084.0,7614.0,5.0,
44600,2.8,19.4,128.9,1084.0,7614.0,5.0,
44700,4.1,19.4,128.9,1084.0,7614.0,5.0,
44800,3.2,19.4,128.9,1084.0,7614.0,5.0,
44900,3.3,19.4,128.9,1084.0,7614.0,5.0,
45000,6.8,19.4,128.9,1084.0,7614.0,5.0,
45100,33.4,19.4,128.9,1084.0,7614.0,5.0,
45200,30.6,19.4,128.9,1084.0,7614.0,5.0,
45300,32.3,19.4,128.9,1084.0,7614.0,5.0,
45400,26.5,19.4,128.9,1084.0,7614.0,5.0,
45500,7.6,19.4,128.9,1084.0,7614.0,5.0,
45600,4.5,27.8,121.1,1084.0,7614.0,5.0,
45700,2.7,27.8,121.1,1084.0,7614.0,5.0,
45800,2.9,27.8,121.1,1084.0,7614.0,5.0,
45900,2.8,27.8,121.1,1084.0,7614.0,5.0,
46000,2.9,27.8,121.1,1084.0,7614.0,5.0,
46100,2.3,27.8,121.1,1084.0,7614.0,5.0,
46200,2.8,27.8,121.1,1084.0,7614.0,5.0,
46300,2.7,27.8,121.1,1084.0,7614.0,5.0,
46400,2.4,27.8,121.1,1084.0,7614.0,5.0,
46500,4.4,27.8,121.1,1084.0,7614.0,5.0,
46600,14.1,4.2,160.2,1084.0,7614.0,5.0,
46700,30.7,4.2,160.2,1084.0,7614.0,5.0,
46800,48.0,4.2,160.2,1084.0,7614.0,5.0,
46900,36.8,4.2,160.2,1084.0,7614.0,5.0,
47000,28.6,4.2,160.2,1084.0,7614.0,5.0,
47100,12.4,4.2,160.2,1084.0,7614.0,5.0,
47200,4.8,4.2,160.2,1084.0,7614.0,5.0,
47300,2.6,4.2,160.2,1084.0,7614.0,5.0,
47400,2.3,4.2,160.2,1084.0,7614.0,5.0,
47500,2.8,4.2,160.2,1084.0,7614.0,5.0,
47600,2.8,33.5,128.9,1084.0,7614.0,5.0,
47700,3.1,33.5,128.9,1084.0,7614.0,5.0,
47800,2.4,33.5,128.9,1084.0,7614.0,5.0,
47900,2.5,33.5,128.9,1084.0,7614.0,5.0,
48000,3.2,33.5,128.9,1084.0,7614.0,5.0,
48100,3.1,33.5,128.9,1084.0,7614.0,5.0,
48200,19.5,33.5,128.9,1084.0,7614.0,5.0,
48300,30.1,33.5,128.9,1084.0,7614.0,5.0,
48400,29.6,33.5,128.9,1084.0,7614.0,5.0,
48500,28.4,33.5,128.9,1084.0,7614.0,5.0,
48600,25.1,22.3,128.9,1084.0,7614.0,5.0,
48700,17.7,22.3,128.9,1084.0,7614.0,5.0,
48800,7.5,22.3,128.9,1084.0,7614.0,5.0,
48900,3.5,22.3,128.9,1084.0,7614.0,5.0,
49000,3.1,22.3,128.9,1084.0,7614.0,5.0,
49100,2.4,22.3,128.9,1084.0,7614.0,5.0,
49200,3.9,22.3,128.9,1084.0,7614.0,5.0,
49300,2.5,22.3,128.9,1084.0,7614.0,5.0,
49400,2.5,22.3,128.9,1084.0,7614.0,5.0,
49500,2.9,22.3,128.9,1084.0,7614.0,5.0,
49600,2.5,16.0,199.2,1084.0,7614.0,5.0,
49700,2.7,16.0,199.2,1084.0,7614.0,5.0,
49800,6.6,16.0,199.2,1084.0,7614.0,5.0,
49900,44.6,16.0,199.2,1084.0,7614.0,5.0,
50000,41.1,16.0,199.2,1084.0,7614.0,5.0,
50100,45.7,16.0,199.2,1084.0,7614.0,5.0,
50200,23.9,16.0,199.2,1084.0,7614.0,5.0,
50300,9.9,16.0,199.2,1084.0,7614.0,5.0,
50400,6.8,16.0,199.2,1084.0,7614.0,5.0,
50500,3.7,16.0,199.2,1084.0,7614.0,5.0,
50600,2.1,36.6,140.6,1084.0,7614.0,5.0,
50700,3.6,36.6,140.6,1084.0,7614.0,5.0,
50800,2.4,36.6,140.6,1084.0,7614.0,5.0,
50900,2.8,36.6,140.6,1084.0,7614.0,5.0,
51000,2.7,36.6,140.6,1084.0,7614.0,5.0,
51100,2.6,36.6,140.6,1084.0,7614.0,5.0,
51200,3.8,36.6,140.6,1084.0,7614.0,5.0,
51300,4.0,36.6,140.6,1084.0,7614.0,5.0,
51400,30.9,36.6,140.6,1084.0,7614.0,5.0,
51500,54.3,36.6,140.6,1084.0,7614.0,5.0,
51700,29.4,36.6,140.6,1084.0,7614.0,5.0,
51800,17.5,36.6,140.6,1084.0,7614.0,5.0,
51900,8.5,36.6,140.6,1084.0,7614.0,5.0,
52000,7.4,36.6,140.6,1084.0,7614.0,5.0,
52100,2.7,36.6,140.6,1084.0,7614.0,5.0,
52200,3.6,36.6,140.6,1084.0,7614.0,5.0,
52300,4.5,36.6,140.6,1084.0,7614.0,5.0,
52400,3.7,36.6,140.6,1084.0,7614.0,5.0,
52500,4.7,36.6,140.6,1084.0,7614.0,5.0,
52600,2.8,24.5,101.6,1084.0,7614.0,5.0,
52700,3.1,24.5,101.6,1084.0,7614.0,5.0,
52800,2.8,24.5,101.6,1084.0,7614.0,5.0,
52900,9.8,24.5,101.6,1084.0,7614.0,5.0,
53000,22.3,24.5,101.6,1084.0,7614.0,5.0,
53100,35.1,24.5,101.6,1084.0,7614.0,5.0,
53200,35.0,24.5,101.6,1084.0,7614.0,5.0,
53300,31.0,24.5,101.6,1084.0,7614.0,5.0,
53400,15.9,24.5,101.6,1084.0,7614.0,5.0,
53500,15.9,24.5,101.6,1084.0,7614.0,5.0,
53600,15.3,30.1,160.2,1084.0,7614.0,5.0,
53700,6.1,30.1,160.2,1084.0,7614.0,5.0,
53800,10.6,30.1,160.2,1084.0,7614.0,5.0,
53900,9.4,30.1,160.2,1084.0,7614.0,5.0,
54000,6.5,30.1,160.2,1084.0,7614.0,5.0,
54100,550.9,30.1,160.2,1292.0,10367.0,30.0,
54200,34.9,30.1,160.2,1147.0,7920.0,5.0,
54300,6.0,30.1,160.2,1147.0,7920.0,5.0,
54400,10.5,30.1,160.2,1147.0,7920.0,5.0,
54500,20.8,30.1,160.2,1147.0,7920.0,5.0,
54600,45.0,223.1,253.9,1147.0,7920.0,5.0,
54700,55.0,223.1,253.9,1147.0,7920.0,5.0,
54800,42.5,223.1,253.9,1147.0,7920.0,5.0,
54900,30.7,223.1,253.9,1147.0,7920.0,5.0,
55000,14.8,223.1,253.9,1147.0,7920.0,5.0,
55100,7.6,223.1,253.9,1147.0,7920.0,5.0,
55200,7.4,223.1,253.9,1147.0,7920.0,5.0,
55300,4.6,223.1,253.9,1147.0,7920.0,5.0,
55400,2.9,223.1,253.9,1147.0,7920.0,5.0,
55500,4.0,223.1,253.9,1147.0,7920.0,5.0,
55600,3.2,36.8,97.7,1147.0,7920.0,5.0,
55700,2.3,36.8,97.7,1147.0,7920.0,5.0,
55800,3.0,36.8,97.7,1147.0,7920.0,5.0,
55900,3.7,36.8,97.7,1147.0,7920.0,5.0,
56000,7.4,36.8,97.7,1147.0,7920.0,5.0,
56100,28.8,36.8,97.7,1147.0,7920.0,5.0,
56200,42.8,36.8,97.7,1147.0,7920.0,5.0,
56300,47.7,36.8,97.7,1147.0,7920.0,5.0,
56400,32.9,36.8,97.7,1147.0,7920.0,5.0,
56500,27.0,36.8,97.7,1147.0,7920.0,5.0,
56600,16.0,37.0,128.9,1147.0,7920.0,5.0,
56700,9.2,37.0,128.9,1147.0,7920.0,5.0,
56800,6.6,37.0,128.9,1147.0,7920.0,5.0,
56900,3.4,37.0,128.9,1147.0,7920.0,5.0,
57000,3.1,37.0,128.9,1147.0,7920.0,5.0,
57100,3.2,37.0,128.9,1147.0,7920.0,5.0,
57200,2.6,37.0,128.9,1147.0,7920.0,5.0,
57300,287.9,37.0,128.9,1133.0,7839.0,5.0,
57400,16.5,37.0,128.9,1133.0,7839.0,5.0,
57500,3.7,37.0,128.9,1133.0,7839.0,5.0,
57600,3.6,222.0,144.5,1133.0,7839.0,5.0,
57700,2.6,222.0,144.5,1133.0,7839.0,5.0,
57800,12.7,222.0,144.5,1133.0,7839.0,5.0,
57900,33.9,222.0,144.5,1133.0,7839.0,5.0,
58000,30.1,222.0,144.5,1133.0,7839.0,5.0,
58100,25.5,222.0,144.5,1133.0,7839.0,5.0,
58200,27.8,222.0,144.5,1133.0,7839.0,5.0,
58300,20.8,222.0,144.5,1133.0,7839.0,5.0,
58400,13.9,222.0,144.5,1133.0,7839.0,5.0,
58500,5.1,222.0,144.5,1133.0,7839.0,5.0,
58600,3.4,31.4,171.9,1133.0,7839.0,5.0,
58700,2.8,31.4,171.9,1133.0,7839.0,5.0,
58800,3.1,31.4,171.9,1133.0,7839.0,5.0,
58900,2.4,31.4,171.9,1133.0,7839.0,5.0,
59000,3.0,31.4,171.9,1133.0,7839.0,5.0,
59100,2.6,31.4,171.9,1133.0,7839.0,5.0,
59200,2.3,31.4,171.9,1133.0,7839.0,5.0,
59300,2.3,31.4,171.9,1133.0,7839.0,5.0,
59400,2.9,31.4,171.9,1133.0,7839.0,5.0,
59500,7.0,31.4,171.9,1133.0,7839.0,5.0,
59600,34.2,5.3,168.0,1133.0,7839.0,5.0,
59700,45.9,5.3,168.0,1133.0,7839.0,5.0,
59800,28.7,5.3,168.0,1133.0,7839.0,5.0,
59900,17.2,5.3,168.0,1133.0,7839.0,5.0,
60000,8.7,5.3,168.0,1133.0,7839.0,5.0,
60100,3.6,5.3,168.0,1133.0,7839.0,5.0,
60200,2.7,5.3,168.0,1133.0,7839.0,5.0,
60300,2.8,5.3,168.0,1133.0,7839.0,5.0,
60400,3.2,5.3,168.0,1133.0,7839.0,5.0,
60500,2.3,5.3,168.0,1133.0,7839.0,5.0,
60600,3.1,28.3,105.5,1133.0,7839.0,5.0,
60700,4.0,28.3,105.5,1133.0,7839.0,5.0,
60800,3.6,28.3,105.5,1133.0,7839.0,5.0,
60900,3.0,28.3,105.5,1133.0,7839.0,5.0,
61000,2.8,28.3,105.5,1133.0,7839.0,5.0,
61100,7.5,28.3,105.5,1133.0,7839.0,5.0,
61200,12.7,28.3,105.5,1133.0,7839.0,5.0,
61300,44.3,28.3,105.5,1133.0,7839.0,5.0,
61400,48.0,28.3,105.5,1133.0,7839.0,5.0,
61500,22.6,28.3,105.5,1133.0,7839.0,5.0,
61700,5.5,28.3,105.5,1133.0,7839.0,5.0,
61800,2.8,28.3,105.5,1133.0,7839.0,5.0,
61900,2.7,28.3,105.5,1133.0,7839.0,5.0,
62000,1.9,28.3,105.5,1133.0,7839.0,5.0,
62100,3.0,28.3,105.5,1133.0,7839.0,5.0,
62200,3.1,28.3,105.5,1133.0,7839.0,5.0,
62300,2.7,28.3,105.5,1133.0,7839.0,5.0,
62400,3.1,28.3,105.5,1133.0,7839.0,5.0,
62500,2.4,28.3,105.5,1133.0,7839.0,5.0,
62600,8.4,11.6,152.3,1133.0,7839.0,5.0,
62700,13.8,11.6,152.3,1133.0,7839.0,5.0,
62800,31.7,11.6,152.3,1133.0,7839.0,5.0,
62900,47.7,11.6,152.3,1133.0,7839.0,5.0,
63000,32.5,11.6,152.3,1133.0,7839.0,5.0,
63100,18.0,11.6,152.3,1133.0,7839.0,5.0,
63200,10.9,11.6,152.3,1133.0,7839.0,5.0,
63300,5.6,11.6,152.3,1133.0,7839.0,5.0,
63400,3.9,11.6,152.3,1133.0,7839.0,5.0,
63500,3.2,11.6,152.3,1133.0,7839.0,5.0,
63600,3.7,31.3,109.4,1133.0,7839.0,5.0,
63700,2.7,31.3,109.4,1133.0,7839.0,5.0,
63800,2.8,31.3,109.4,1133.0,7839.0,5.0,
63900,3.1,31.3,109.4,1133.0,7839.0,5.0,
64000,3.2,31.3,109.4,1133.0,7839.0,5.0,
64100,2.7,31.3,109.4,1133.0,7839.0,5.0,
64200,8.6,31.3,109.4,1133.0,7839.0,5.0,
64300,30.1,31.3,109.4,1133.0,7839.0,5.0,
64400,34.1,31.3,109.4,1133.0,7839.0,5.0,
64500,32.9,31.3,109.4,1133.0,7839.0,5.0,
64600,33.2,26.8,168.0,1133.0,7839.0,5.0,
64700,16.2,26.8,168.0,1133.0,7839.0,5.0,
64800,9.9,26.8,168.0,1133.0,7839.0,5.0,
64900,4.7,26.8,168.0,1133.0,7839.0,5.0,
65000,3.2,26.8,168.0,1133.0,7839.0,5.0,
65100,2.6,26.8,168.0,1133.0,7839.0,5.0,
65200,3.0,26.8,168.0,1133.0,7839.0,5.0,
65300,2.9,26.8,168.0,1133.0,7839.0,5.0,
65400,3.4,26.8,168.0,1133.0,7839.0,5.0,
65500,2.9,26.8,168.0,1133.0,7839.0,5.0,
65600,3.0,18.7,121.1,1133.0,7839.0,5.0,
65700,2.8,18.7,121.1,1133.0,7839.0,5.0,
65800,2.9,18.7,121.1,1133.0,7839.0,5.0,
65900,9.1,18.7,121.1,1133.0,7839.0,5.0,
66000,26.0,18.7,121.1,1133.0,7839.0,5.0,
66100,41.9,18.7,121.1,1133.0,7839.0,5.0,
66200,29.4,18.7,121.1,1133.0,7839.0,5.0,
66300,22.9,18.7,121.1,1133.0,7839.0,5.0,
66400,12.6,18.7,121.1,1133.0,7839.0,5.0,
66500,6.5,18.7,121.1,1133.0,7839.0,5.0,
66600,2.5,28.7,140.6,1133.0,7839.0,5.0,
66700,2.8,28.7,140.6,1133.0,7839.0,5.0,
66800,2.0,28.7,140.6,1133.0,7839.0,5.0,
66900,3.7,28.7,140.6,1133.0,7839.0,5.0,
67000,3.1,28.7,140.6,1133.0,7839.0,5.0,
67100,2.7,28.7,140.6,1133.0,7839.0,5.0,
67200,3.0,28.7,140.6,1133.0,7839.0,5.0,
67300,2.7,28.7,140.6,1133.0,7839.0,5.0,
67400,2.0,28.7,140.6,1133.0,7839.0,5.0,
67500,3.5,28.7,140.6,1133.0,7839.0,5.0,
67600,9.4,3.8,152.3,1133.0,7839.0,5.0,
67700,26.8,3.8,152.3,1133.0,7839.0,5.0,
67800,37.5,3.8,152.3,1133.0,7839.0,5.0,
67900,22.9,3.8,152.3,1133.0,7839.0,5.0,
68000,345.4,3.8,152.3,1133.0,7839.0,5.0,
68100,86.6,3.8,152.3,1040.0,7447.0,5.0,
68200,7.5,3.8,152.3,1040.0,7447.0,5.0,
68300,3.1,3.8,152.3,1040.0,7447.0,5.0,
68400,2.7,3.8,152.3,1040.0,7447.0,5.0,
68500,2.9,3.8,152.3,1040.0,7447.0,5.0,
68600,2.8,208.6,168.0,1040.0,7447.0,5.0,
68700,3.8,208.6,168.0,1040.0,7447.0,5.0,
68800,2.4,208.6,168.0,1040.0,7447.0,5.0,
68900,2.3,208.6,168.0,1040.0,7447.0,5.0,
69000,2.8,208.6,168.0,1040.0,7447.0,5.0,
69100,12.4,208.6,168.0,1040.0,7447.0,5.0,
69200,16.5,208.6,168.0,1040.0,7447.0,5.0,
69300,34.2,208.6,168.0,1040.0,7447.0,5.0,
69400,26.5,208.6,168.0,1040.0,7447.0,5.0,
69500,45.0,208.6,168.0,1040.0,7447.0,5.0,
69600,13.7,28.4,156.3,1040.0,7447.0,5.0,
69700,9.0,28.4,156.3,1040.0,7447.0,5.0,
69800,2.9,28.4,156.3,1040.0,7447.0,5.0,
69900,3.1,28.4,156.3,1040.0,7447.0,5.0,
70000,2.9,28.4,156.3,1040.0,7447.0,5.0,
70100,2.8,28.4,156.3,1040.0,7447.0,5.0,
70200,3.0,28.4,156.3,1040.0,7447.0,5.0,
70300,3.5,28.4,156.3,1040.0,7447.0,5.0,
70400,2.7,28.4,156.3,1040.0,7447.0,5.0,
70500,3.6,28.4,156.3,1040.0,7447.0,5.0,
70600,3.3,7.7,160.2,1040.0,7447.0,5.0,
70700,3.1,7.7,160.2,1040.0,7447.0,5.0,
70800,8.1,7.7,160.2,1040.0,7447.0,5.0,
70900,28.5,7.7,160.2,1040.0,7447.0,5.0,
71000,40.4,7.7,160.2,1040.0,7447.0,5.0,
71100,49.9,7.7,160.2,1040.0,7447.0,5.0,
71200,20.6,7.7,160.2,1040.0,7447.0,5.0,
71300,265.0,7.7,160.2,1040.0,7447.0,5.0,
71400,122.1,7.7,160.2,1019.0,7094.0,5.0,
71500,9.3,7.7,160.2,1019.0,7094.0,5.0,
71700,2.9,7.7,160.2,1019.0,7094.0,5.0,
71800,3.9,7.7,160.2,1019.0,7094.0,5.0,
71900,3.1,7.7,160.2,1019.0,7094.0,5.0,
72000,3.6,7.7,160.2,1019.0,7094.0,5.0,
72100,3.5,7.7,160.2,1019.0,7094.0,5.0,
72200,2.6,7.7,160.2,1019.0,7094.0,5.0,
72300,4.5,7.7,160.2,1019.0,7094.0,5.0,
72400,13.1,7.7,160.2,1019.0,7094.0,5.0,
72500,32.7,7.7,160.2,1019.0,7094.0,5.0,
72600,51.4,15.2,136.7,1019.0,7094.0,5.0,
72700,30.1,15.2,136.7,1019.0,7094.0,5.0,
72800,24.0,15.2,136.7,1019.0,7094.0,5.0,
72900,10.5,15.2,136.7,1019.0,7094.0,5.0,
73000,4.1,15.2,136.7,1019.0,7094.0,5.0,
73100,2.6,15.2,136.7,1019.0,7094.0,5.0,
73200,2.9,15.2,136.7,1019.0,7094.0,5.0,
73300,2.9,15.2,136.7,1019.0,7094.0,5.0,
73400,1.9,15.2,136.7,1019.0,7094.0,5.0,
73500,2.8,15.2,136.7,1019.0,7094.0,5.0,
73600,2.8,29.9,101.6,1019.0,7094.0,5.0,
73700,2.4,29.9,101.6,1019.0,7094.0,5.0,
73800,3.3,29.9,101.6,1019.0,7094.0,5.0,
73900,3.1,29.9,101.6,1019.0,7094.0,5.0,
74000,9.6,29.9,101.6,1019.0,7094.0,5.0,
74100,22.1,29.9,101.6,1019.0,7094.0,5.0,
74200,40.6,29.9,101.6,1019.0,7094.0,5.0,
74300,37.0,29.9,101.6,1019.0,7094.0,5.0,
74400,32.7,29.9,101.6,1019.0,7094.0,5.0,
74500,26.7,29.9,101.6,1019.0,7094.0,5.0,
74600,6.1,33.5,156.3,1019.0,7094.0,5.0,
74700,3.9,33.5,156.3,1019.0,7094.0,5.0,
74800,3.2,33.5,156.3,1019.0,7094.0,5.0,
74900,2.5,33.5,156.3,1019.0,7094.0,5.0,
75000,2.8,33.5,156.3,1019.0,7094.0,5.0,
75100,3.1,33.5,156.3,1019.0,7094.0,5.0,
75200,277.3,33.5,156.3,1019.0,7094.0,5.0,
75300,60.5,33.5,156.3,994.0,6901.0,5.0,
75400,5.5,33.5,156.3,994.0,6901.0,5.0,
75500,2.9,33.5,156.3,994.0,6901.0,5.0,
75600,33.2,214.6,117.2,994.0,6901.0,5.0,
75700,39.1,214.6,117.2,994.0,6901.0,5.0,
75800,53.0,214.6,117.2,994.0,6901.0,5.0,
75900,37.6,214.6,117.2,994.0,6901.0,5.0,
76000,30.9,214.6,117.2,994.0,6901.0,5.0,
76100,13.4,214.6,117.2,994.0,6901.0,5.0,
76200,4.2,214.6,117.2,994.0,6901.0,5.0,
76300,3.8,214.6,117.2,994.0,6901.0,5.0,
76400,3.8,214.6,117.2,994.0,6901.0,5.0,
76500,3.5,214.6,117.2,994.0,6901.0,5.0,
76600,3.3,35.9,78.1,994.0,6901.0,5.0,
76700,3.3,35.9,78.1,994.0,6901.0,5.0,
76800,2.9,35.9,78.1,994.0,6901.0,5.0,
76900,2.9,35.9,78.1,994.0,6901.0,5.0,
77000,2.5,35.9,78.1,994.0,6901.0,5.0,
77100,2.9,35.9,78.1,994.0,6901.0,5.0,
77200,3.9,35.9,78.1,994.0,6901.0,5.0,
77300,20.5,35.9,78.1,994.0,6901.0,5.0,
77400,37.7,35.9,78.1,994.0,6901.0,5.0,
77500,426.4,35.9,78.1,1277.0,8274.0,29.0,
77700,12.3,35.9,78.1,1277.0,8274.0,29.0,
77800,5.1,35.9,78.1,1277.0,8274.0,29.0,
77900,3.3,35.9,78.1,1277.0,8274.0,29.0,
78000,2.9,35.9,78.1,1277.0,8274.0,29.0,
78100,3.3,35.9,78.1,1277.0,8274.0,29.0,
78200,2.5,35.9,78.1,1277.0,8274.0,29.0,
78300,3.4,35.9,78.1,1277.0,8274.0,29.0,
78400,2.8,35.9,78.1,1277.0,8274.0,29.0,
78500,2.8,35.9,78.1,1277.0,8274.0,29.0,
78600,3.3,12.8,117.2,1277.0,8274.0,29.0,
78700,4.7,12.8,117.2,1277.0,8274.0,29.0,
78800,20.5,12.8,117.2,1277.0,8274.0,29.0,
78900,38.7,12.8,117.2,1277.0,8274.0,29.0,
79000,31.2,12.8,117.2,1277.0,8274.0,29.0,
79100,212.7,12.8,117.2,906.0,6083.0,5.0,
79200,29.7,12.8,117.2,906.0,6083.0,5.0,
79300,12.0,12.8,117.2,906.0,6083.0,5.0,
79400,5.0,12.8,117.2,906.0,6083.0,5.0,
79500,2.8,12.8,117.2,906.0,6083.0,5.0,
79600,3.2,197.8,121.1,906.0,6083.0,5.0,
79700,2.7,197.8,121.1,906.0,6083.0,5.0,
79800,2.6,197.8,121.1,906.0,6083.0,5.0,
79900,3.1,197.8,121.1,906.0,6083.0,5.0,
80000,3.0,197.8,121.1,906.0,6083.0,5.0,
80100,2.5,197.8,121.1,906.0,6083.0,5.0,
80200,3.3,197.8,121.1,906.0,6083.0,5.0,
80300,5.1,197.8,121.1,906.0,6083.0,5.0,
80400,10.5,197.8,121.1,906.0,6083.0,5.0,
80500,40.3,197.8,121.1,906.0,6083.0,5.0,
80600,36.7,14.4,132.8,906.0,6083.0,5.0,
80700,38.4,14.4,132.8,906.0,6083.0,5.0,
80800,35.4,14.4,132.8,906.0,6083.0,5.0,
80900,15.5,14.4,132.8,906.0,6083.0,5.0,
81000,6.2,14.4,132.8,906.0,6083.0,5.0,
81100,3.2,14.4,132.8,906.0,6083.0,5.0,
81200,2.2,14.4,132.8,906.0,6083.0,5.0,
81300,3.3,14.4,132.8,906.0,6083.0,5.0,
81400,3.7,14.4,132.8,906.0,6083.0,5.0,
81500,3.6,14.4,132.8,906.0,6083.0,5.0,
81700,2.9,14.4,132.8,906.0,6083.0,5.0,
81800,2.6,14.4,132.8,906.0,6083.0,5.0,
81900,2.8,14.4,132.8,906.0,6083.0,5.0,
82000,8.8,14.4,132.8,906.0,6083.0,5.0,
82100,32.0,14.4,132.8,906.0,6083.0,5.0,
82200,36.9,14.4,132.8,906.0,6083.0,5.0,
82300,43.5,14.4,132.8,906.0,6083.0,5.0,
82400,37.1,14.4,132.8,906.0,6083.0,5.0,
82500,15.0,14.4,132.8,906.0,6083.0,5.0,
82600,8.6,36.1,152.3,906.0,6083.0,5.0,
82700,2.6,36.1,152.3,906.0,6083.0,5.0,
82800,3.6,36.1,152.3,906.0,6083.0,5.0,
82900,3.5,36.1,152.3,906.0,6083.0,5.0,
83000,2.1,36.1,152.3,906.0,6083.0,5.0,
83100,3.1,36.1,152.3,906.0,6083.0,5.0,
83200,2.4,36.1,152.3,906.0,6083.0,5.0,
83300,2.3,36.1,152.3,906.0,6083.0,5.0,
83400,3.1,36.1,152.3,906.0,6083.0,5.0,
83500,2.4,36.1,152.3,906.0,6083.0,5.0,
83600,7.4,5.3,113.3,906.0,6083.0,5.0,
83700,9.7,5.3,113.3,906.0,6083.0,5.0,
83800,30.7,5.3,113.3,906.0,6083.0,5.0,
83900,37.2,5.3,113.3,906.0,6083.0,5.0,
84000,34.6,5.3,113.3,906.0,6083.0,5.0,
84100,19.6,5.3,113.3,906.0,6083.0,5.0,
84200,10.2,5.3,113.3,906.0,6083.0,5.0,
84300,4.4,5.3,113.3,906.0,6083.0,5.0,
84400,2.8,5.3,113.3,906.0,6083.0,5.0,
84500,1.7,5.3,113.3,906.0,6083.0,5.0,
84600,2.7,28.8,132.8,906.0,6083.0,5.0,
84700,2.6,28.8,132.8,906.0,6083.0,5.0,
84800,257.1,28.8,132.8,1382.0,9930.0,30.0,
84900,54.0,28.8,132.8,1100.0,7581.0,5.0,
85000,5.8,28.8,132.8,1100.0,7581.0,5.0,
85100,4.2,28.8,132.8,1100.0,7581.0,5.0,
85200,9.0,28.8,132.8,1100.0,7581.0,5.0,
85300,34.3,28.8,132.8,1100.0,7581.0,5.0,
85400,46.1,28.8,132.8,1100.0,7581.0,5.0,
85500,40.4,28.8,132.8,1100.0,7581.0,5.0,
85600,33.0,210.9,191.4,1100.0,7581.0,5.0,
85700,26.2,210.9,191.4,1100.0,7581.0,5.0,
85800,22.0,210.9,191.4,1100.0,7581.0,5.0,
85900,3.8,210.9,191.4,1100.0,7581.0,5.0,
86000,2.4,210.9,191.4,1100.0,7581.0,5.0,
86100,2.5,210.9,191.4,1100.0,7581.0,5.0,
86200,2.1,210.9,191.4,1100.0,7581.0,5.0,
86300,3.3,210.9,191.4,1100.0,7581.0,5.0,
86400,2.7,210.9,191.4,1100.0,7581.0,5.0,
86500,2.5,210.9,191.4,1100.0,7581.0,5.0,
86600,2.1,22.5,132.8,1100.0,7581.0,5.0,
86700,3.1,22.5,132.8,1100.0,7581.0,5.0,
86800,16.5,22.5,132.8,1100.0,7581.0,5.0,
86900,40.3,22.5,132.8,1100.0,7581.0,5.0,
87000,49.1,22.5,132.8,1100.0,7581.0,5.0,
87100,36.4,22.5,132.8,1100.0,7581.0,5.0,
87200,33.0,22.5,132.8,1100.0,7581.0,5.0,
87300,20.3,22.5,132.8,1100.0,7581.0,5.0,
87400,9.9,22.5,132.8,1100.0,7581.0,5.0,
87500,3.4,22.5,132.8,1100.0,7581.0,5.0,
87600,3.3,35.2,148.4,1100.0,7581.0,5.0,
87700,2.5,35.2,148.4,1100.0,7581.0,5.0,
87800,2.4,35.2,148.4,1100.0,7581.0,5.0,
87900,3.4,35.2,148.4,1100.0,7581.0,5.0,
88000,3.4,35.2,148.4,1100.0,7581.0,5.0,
88100,201.5,35.2,148.4,1060.0,7313.0,5.0,
88200,13.4,35.2,148.4,1060.0,7313.0,5.0,
88300,3.6,35.2,148.4,1060.0,7313.0,5.0,
88400,8.4,35.2,148.4,1060.0,7313.0,5.0,
88500,21.7,35.2,148.4,1060.0,7313.0,5.0,
88600,62.4,208.3,156.3,1060.0,7313.0,5.0,
88700,54.7,208.3,156.3,1060.0,7313.0,5.0,
88800,52.6,208.3,156.3,1060.0,7313.0,5.0,
88900,18.8,208.3,156.3,1060.0,7313.0,5.0,
89000,9.6,208.3,156.3,1060.0,7313.0,5.0,
89100,4.1,208.3,156.3,1060.0,7313.0,5.0,
89200,3.6,208.3,156.3,1060.0,7313.0,5.0,
89300,3.6,208.3,156.3,1060.0,7313.0,5.0,
89400,2.7,208.3,156.3,1060.0,7313.0,5.0,
89500,2.9,208.3,156.3,1060.0,7313.0,5.0,
89600,3.3,37.3,101.6,1060.0,7313.0,5.0,
89700,2.8,37.3,101.6,1060.0,7313.0,5.0,
89800,2.8,37.3,101.6,1060.0,7313.0,5.0,
89900,3.5,37.3,101.6,1060.0,7313.0,5.0,
90000,32.7,37.3,101.6,1060.0,7313.0,5.0,
90100,45.7,37.3,101.6,1060.0,7313.0,5.0,
90200,42.9,37.3,101.6,1060.0,7313.0,5.0,
90300,41.0,37.3,101.6,1060.0,7313.0,5.0,
90400,39.2,37.3,101.6,1060.0,7313.0,5.0,
90500,16.1,37.3,101.6,1060.0,7313.0,5.0,
90600,10.9,37.0,121.1,1060.0,7313.0,5.0,
90700,3.9,37.0,121.1,1060.0,7313.0,5.0,
90800,3.2,37.0,121.1,1060.0,7313.0,5.0,
90900,3.6,37.0,121.1,1060.0,7313.0,5.0,
91000,2.5,37.0,121.1,1060.0,7313.0,5.0,
91100,2.6,37.0,121.1,1060.0,7313.0,5.0,
91200,2.8,37.0,121.1,1060.0,7313.0,5.0,
91300,2.8,37.0,121.1,1060.0,7313.0,5.0,
91400,2.7,37.0,121.1,1060.0,7313.0,5.0,
91500,3.6,37.0,121.1,1060.0,7313.0,5.0,
91700,25.8,37.0,121.1,1060.0,7313.0,5.0,
91800,39.8,37.0,121.1,1060.0,7313.0,5.0,
91900,37.5,37.0,121.1,1060.0,7313.0,5.0,
92000,32.9,37.0,121.1,1060.0,7313.0,5.0,
92100,23.4,37.0,121.1,1060.0,7313.0,5.0,
92200,10.0,37.0,121.1,1060.0,7313.0,5.0,
92300,3.7,37.0,121.1,1060.0,7313.0,5.0,
92400,2.3,37.0,121.1,1060.0,7313.0,5.0,
92500,3.0,37.0,121.1,1060.0,7313.0,5.0,
92600,2.1,28.4,109.4,1060.0,7313.0,5.0,
92700,3.3,28.4,109.4,1060.0,7313.0,5.0,
92800,2.5,28.4,109.4,1060.0,7313.0,5.0,
92900,4.5,28.4,109.4,1060.0,7313.0,5.0,
93000,2.8,28.4,109.4,1060.0,7313.0,5.0,
93100,4.9,28.4,109.4,1060.0,7313.0,5.0,
93200,7.1,28.4,109.4,1060.0,7313.0,5.0,
93300,36.6,28.4,109.4,1060.0,7313.0,5.0,
93400,45.5,28.4,109.4,1060.0,7313.0,5.0,
93500,37.2,28.4,109.4,1060.0,7313.0,5.0,
93600,46.3,30.8,148.4,1060.0,7313.0,5.0,
93700,16.2,30.8,148.4,1060.0,7313.0,5.0,
93800,9.4,30.8,148.4,1060.0,7313.0,5.0,
93900,4.0,30.8,148.4,1060.0,7313.0,5.0,
94000,3.0,30.8,148.4,1060.0,7313.0,5.0,
94100,4.3,30.8,148.4,1060.0,7313.0,5.0,
94200,4.0,30.8,148.4,1060.0,7313.0,5.0,
94300,3.0,30.8,148.4,1060.0,7313.0,5.0,
94400,2.7,30.8,148.4,1060.0,7313.0,5.0,
94500,3.0,30.8,148.4,1060.0,7313.0,5.0,
94600,2.6,19.5,89.8,1060.0,7313.0,5.0,
94700,2.7,19.5,89.8,1060.0,7313.0,5.0,
94800,9.6,19.5,89.8,1060.0,7313.0,5.0,
94900,39.0,19.5,89.8,1060.0,7313.0,5.0,
95000,29.2,19.5,89.8,1060.0,7313.0,5.0,
95100,24.8,19.5,89.8,1060.0,7313.0,5.0,
95200,26.8,19.5,89.8,1060.0,7313.0,5.0,
95300,17.7,19.5,89.8,1060.0,7313.0,5.0,
95400,12.2,19.5,89.8,1060.0,7313.0,5.0,
95500,5.6,19.5,89.8,1060.0,7313.0,5.0,
95600,3.6,30.8,156.3,1060.0,7313.0,5.0,
95700,8.2,30.8,156.3,1060.0,7313.0,5.0,
95800,12.2,30.8,156.3,1060.0,7313.0,5.0,
95900,7.6,30.8,156.3,1060.0,7313.0,5.0,
96000,3.4,30.8,156.3,1060.0,7313.0,5.0,
96100,2.8,30.8,156.3,1060.0,7313.0,5.0,
96200,2.5,30.8,156.3,1060.0,7313.0,5.0,
96300,3.0,30.8,156.3,1060.0,7313.0,5.0,
96400,3.5,30.8,156.3,1060.0,7313.0,5.0,
96500,10.3,30.8,156.3,1060.0,7313.0,5.0,
96600,11.3,7.6,109.4,1060.0,7313.0,5.0,
96700,42.5,7.6,109.4,1060.0,7313.0,5.0,
96800,31.1,7.6,109.4,1060.0,7313.0,5.0,
96900,33.9,7.6,109.4,1060.0,7313.0,5.0,
97000,22.7,7.6,109.4,1060.0,7313.0,5.0,
97100,7.3,7.6,109.4,1060.0,7313.0,5.0,
97200,2.3,7.6,109.4,1060.0,7313.0,5.0,
97300,3.7,7.6,109.4,1060.0,7313.0,5.0,
97400,2.9,7.6,109.4,1060.0,7313.0,5.0,
97500,2.1,7.6,109.4,1060.0,7313.0,5.0,
97600,2.5,27.5,93.8,1060.0,7313.0,5.0,
97700,1.8,27.5,93.8,1060.0,7313.0,5.0,
97800,2.6,27.5,93.8,1060.0,7313.0,5.0,
97900,159.6,27.5,93.8,1006.0,7004.0,5.0,
98000,9.9,27.5,93.8,1006.0,7004.0,5.0,
98100,7.5,27.5,93.8,1006.0,7004.0,5.0,
98200,16.2,27.5,93.8,1006.0,7004.0,5.0,
98300,37.8,27.5,93.8,1006.0,7004.0,5.0,
98400,53.4,27.5,93.8,1006.0,7004.0,5.0,
98500,51.0,27.5,93.8,1006.0,7004.0,5.0,
98600,44.1,210.0,132.8,1006.0,7004.0,5.0,
98700,11.7,210.0,132.8,1006.0,7004.0,5.0,
98800,4.1,210.0,132.8,1006.0,7004.0,5.0,
98900,2.6,210.0,132.8,1006.0,7004.0,5.0,
99000,3.1,210.0,132.8,1006.0,7004.0,5.0,
99100,2.7,210.0,132.8,1006.0,7004.0,5.0,
99200,2.6,210.0,132.8,1006.0,7004.0,5.0,
99300,2.8,210.0,132.8,1006.0,7004.0,5.0,
99400,3.8,210.0,132.8,1006.0,7004.0,5.0,
99500,2.5,210.0,132.8,1006.0,7004.0,5.0,
99600,2.7,17.8,89.8,1006.0,7004.0,5.0,
99700,4.0,17.8,89.8,1006.0,7004.0,5.0,
99800,7.8,17.8,89.8,1006.0,7004.0,5.0,
99900,38.9,17.8,89.8,1006.0,7004.0,5.0,
100000,59.4,17.8,89.8,1006.0,7004.0,5.0,
100100,45.7,17.8,89.8,1006.0,7004.0,5.0,
100200,19.1,17.8,89.8,1006.0,7004.0,5.0,
100300,9.7,17.8,89.8,1006.0,7004.0,5.0,
100400,3.8,17.8,89.8,1006.0,7004.0,5.0,
100500,3.4,17.8,89.8,1006.0,7004.0,5.0,
100600,2.2,33.8,168.0,1006.0,7004.0,5.0,
100700,2.5,33.8,168.0,1006.0,7004.0,5.0,
100800,3.2,33.8,168.0,1006.0,7004.0,5.0,
100900,2.4,33.8,168.0,1006.0,7004.0,5.0,
101000,2.5,33.8,168.0,1006.0,7004.0,5.0,
101100,3.1,33.8,168.0,1006.0,7004.0,5.0,
101200,5.2,33.8,168.0,1006.0,7004.0,5.0,
101300,7.0,33.8,168.0,1006.0,7004.0,5.0,
101400,20.2,33.8,168.0,1006.0,7004.0,5.0,
101500,33.0,33.8,168.0,1006.0,7004.0,5.0,
101700,22.4,33.8,168.0,1006.0,7004.0,5.0,
101800,13.1,33.8,168.0,1006.0,7004.0,5.0,
101900,8.7,33.8,168.0,1006.0,7004.0,5.0,
102000,3.5,33.8,168.0,1006.0,7004.0,5.0,
102100,2.8,33.8,168.0,1006.0,7004.0,5.0,
102200,2.1,33.8,168.0,1006.0,7004.0,5.0,
102300,2.0,33.8,168.0,1006.0,7004.0,5.0,
102400,1.9,33.8,168.0,1006.0,7004.0,5.0,
102500,1.9,33.8,168.0,1006.0,7004.0,5.0,
102600,2.7,23.8,109.4,1006.0,7004.0,5.0,
102700,2.8,23.8,109.4,1006.0,7004.0,5.0,
102800,3.3,23.8,109.4,1006.0,7004.0,5.0,
102900,8.3,23.8,109.4,1006.0,7004.0,5.0,
103000,9.2,23.8,109.4,1006.0,7004.0,5.0,
103100,34.5,23.8,109.4,1006.0,7004.0,5.0,
103200,54.8,23.8,109.4,1006.0,7004.0,5.0,
103300,28.0,23.8,109.4,1006.0,7004.0,5.0,
103400,15.2,23.8,109.4,1006.0,7004.0,5.0,
103500,10.6,23.8,109.4,1006.0,7004.0,5.0,
103600,3.5,29.5,199.2,1006.0,7004.0,5.0,
103700,3.2,29.5,199.2,1006.0,7004.0,5.0,
103800,2.9,29.5,199.2,1006.0,7004.0,5.0,
103900,2.2,29.5,199.2,1006.0,7004.0,5.0,
104000,2.2,29.5,199.2,1006.0,7004.0,5.0,
104100,3.1,29.5,199.2,1006.0,7004.0,5.0,
104200,3.4,29.5,199.2,1006.0,7004.0,5.0,
104300,2.1,29.5,199.2,1006.0,7004.0,5.0,
104400,2.3,29.5,199.2,1006.0,7004.0,5.0,
104500,2.9,29.5,199.2,1006.0,7004.0,5.0,
104600,12.3,3.6,164.1,1006.0,7004.0,5.0,
104700,52.1,3.6,164.1,1006.0,7004.0,5.0,
104800,65.3,3.6,164.1,1006.0,7004.0,5.0,
104900,32.8,3.6,164.1,1006.0,7004.0,5.0,
105000,358.8,3.6,164.1,759.0,6464.0,29.0,
105100,31.6,3.6,164.1,668.0,4614.0,5.0,
105200,4.9,3.6,164.1,668.0,4614.0,5.0,
105300,2.8,3.6,164.1,668.0,4614.0,5.0,
105400,3.4,3.6,164.1,668.0,4614.0,5.0,
105500,2.4,3.6,164.1,668.0,4614.0,5.0,
105700,2.4,3.6,164.1,668.0,4614.0,5.0,
105800,2.5,3.6,164.1,668.0,4614.0,5.0,
105900,2.6,3.6,164.1,668.0,4614.0,5.0,
106000,2.8,3.6,164.1,668.0,4614.0,5.0,
106100,54.3,3.6,164.1,668.0,4614.0,5.0,
106200,42.9,3.6,164.1,668.0,4614.0,5.0,
106300,46.3,3.6,164.1,668.0,4614.0,5.0,
106400,34.4,3.6,164.1,668.0,4614.0,5.0,
106500,23.3,3.6,164.1,668.0,4614.0,5.0,
106600,12.1,37.6,164.1,668.0,4614.0,5.0,
106700,7.2,37.6,164.1,668.0,4614.0,5.0,
106800,4.6,37.6,164.1,668.0,4614.0,5.0,
106900,3.2,37.6,164.1,668.0,4614.0,5.0,
107000,2.4,37.6,164.1,668.0,4614.0,5.0,
107100,3.2,37.6,164.1,668.0,4614.0,5.0,
107200,3.3,37.6,164.1,668.0,4614.0,5.0,
107300,2.4,37.6,164.1,668.0,4614.0,5.0,
107400,2.7,37.6,164.1,668.0,4614.0,5.0,
107500,3.1,37.6,164.1,668.0,4614.0,5.0,
107600,2.7,8.0,109.4,668.0,4614.0,5.0,
107700,7.7,8.0,109.4,668.0,4614.0,5.0,
107800,21.4,8.0,109.4,668.0,4614.0,5.0,
107900,39.4,8.0,109.4,668.0,4614.0,5.0,
108000,33.0,8.0,109.4,668.0,4614.0,5.0,
108100,23.2,8.0,109.4,668.0,4614.0,5.0,
108200,13.2,8.0,109.4,668.0,4614.0,5.0,
108300,9.9,8.0,109.4,668.0,4614.0,5.0,
108400,4.1,8.0,109.4,668.0,4614.0,5.0,
108500,2.6,8.0,109.4,668.0,4614.0,5.0,
108600,2.4,28.8,136.7,668.0,4614.0,5.0,
108700,2.3,28.8,136.7,668.0,4614.0,5.0,
108800,2.3,28.8,136.7,668.0,4614.0,5.0,
108900,3.0,28.8,136.7,668.0,4614.0,5.0,
109000,3.1,28.8,136.7,668.0,4614.0,5.0,
109100,2.1,28.8,136.7,668.0,4614.0,5.0,
109200,2.3,28.8,136.7,668.0,4614.0,5.0,
109300,3.0,28.8,136.7,668.0,4614.0,5.0,
109400,33.5,28.8,136.7,668.0,4614.0,5.0,
109500,48.6,28.8,136.7,668.0,4614.0,5.0,
109600,44.5,25.2,152.3,668.0,4614.0,5.0,
109700,34.2,25.2,152.3,668.0,4614.0,5.0,
109800,241.0,25.2,152.3,782.0,5449.0,5.0,
109900,25.5,25.2,152.3,782.0,5449.0,5.0,
110000,6.2,25.2,152.3,782.0,5449.0,5.0,
110100,3.2,25.2,152.3,782.0,5449.0,5.0,
110200,2.9,25.2,152.3,782.0,5449.0,5.0,
110300,2.6,25.2,152.3,782.0,5449.0,5.0,
110400,2.7,25.2,152.3,782.0,5449.0,5.0,
110500,2.7,25.2,152.3,782.0,5449.0,5.0,
110700,3.5,25.2,152.3,782.0,5449.0,5.0,
110800,3.0,25.2,152.3,782.0,5449.0,5.0,
110900,16.0,25.2,152.3,782.0,5449.0,5.0,
111000,23.9,25.2,152.3,782.0,5449.0,5.0,
111100,46.9,25.2,152.3,782.0,5449.0,5.0,
111200,49.0,25.2,152.3,782.0,5449.0,5.0,
111300,32.2,25.2,152.3,782.0,5449.0,5.0,
111400,30.8,25.2,152.3,782.0,5449.0,5.0,
111500,11.6,25.2,152.3,782.0,5449.0,5.0,
111700,3.6,25.2,152.3,782.0,5449.0,5.0,
111800,2.6,25.2,152.3,782.0,5449.0,5.0,
111900,2.3,25.2,152.3,782.0,5449.0,5.0,
112000,2.5,25.2,152.3,782.0,5449.0,5.0,
112100,2.4,25.2,152.3,782.0,5449.0,5.0,
112200,2.5,25.2,152.3,782.0,5449.0,5.0,
112300,2.2,25.2,152.3,782.0,5449.0,5.0,
112400,2.6,25.2,152.3,782.0,5449.0,5.0,
112500,2.7,25.2,152.3,782.0,5449.0,5.0,
112600,18.3,4.2,132.8,782.0,5449.0,5.0,
112700,48.1,4.2,132.8,782.0,5449.0,5.0,
112800,38.7,4.2,132.8,782.0,5449.0,5.0,
112900,38.0,4.2,132.8,782.0,5449.0,5.0,
113000,26.5,4.2,132.8,782.0,5449.0,5.0,
113100,10.7,4.2,132.8,782.0,5449.0,5.0,
113200,4.6,4.2,132.8,782.0,5449.0,5.0,
113300,2.4,4.2,132.8,782.0,5449.0,5.0,
113400,2.1,4.2,132.8,782.0,5449.0,5.0,
113500,2.2,4.2,132.8,782.0,5449.0,5.0,
113600,2.5,39.4,82.0,782.0,5449.0,5.0,
113700,2.4,39.4,82.0,782.0,5449.0,5.0,
113800,3.8,39.4,82.0,782.0,5449.0,5.0,
113900,3.5,39.4,82.0,782.0,5449.0,5.0,
114000,3.6,39.4,82.0,782.0,5449.0,5.0,
114100,3.3,39.4,82.0,782.0,5449.0,5.0,
114200,6.7,39.4,82.0,782.0,5449.0,5.0,
114300,27.4,39.4,82.0,782.0,5449.0,5.0,
114400,41.9,39.4,82.0,782.0,5449.0,5.0,
114500,84.5,39.4,82.0,782.0,5449.0,5.0,
114600,40.0,33.4,164.1,782.0,5449.0,5.0,
114700,17.3,33.4,164.1,782.0,5449.0,5.0,
114800,6.6,33.4,164.1,782.0,5449.0,5.0,
114900,2.3,33.4,164.1,782.0,5449.0,5.0,
115000,2.5,33.4,164.1,782.0,5449.0,5.0,
115100,2.6,33.4,164.1,782.0,5449.0,5.0,
115200,3.3,33.4,164.1,782.0,5449.0,5.0,
115300,2.0,33.4,164.1,782.0,5449.0,5.0,
115400,3.6,33.4,164.1,782.0,5449.0,5.0,
115500,3.0,33.4,164.1,782.0,5449.0,5.0,
115600,6.9,22.4,128.9,782.0,5449.0,5.0,
115700,4.2,22.4,128.9,782.0,5449.0,5.0,
115800,20.1,22.4,128.9,782.0,5449.0,5.0,
115900,48.7,22.4,128.9,782.0,5449.0,5.0,
116000,35.8,22.4,128.9,782.0,5449.0,5.0,
116100,32.0,22.4,128.9,782.0,5449.0,5.0,
116200,19.4,22.4,128.9,782.0,5449.0,5.0,
116300,427.2,22.4,128.9,894.0,7388.0,29.0,
116400,28.8,22.4,128.9,764.0,5399.0,5.0,
116500,5.2,22.4,128.9,764.0,5399.0,5.0,
116600,3.3,180.3,78.1,764.0,5399.0,5.0,
116700,3.2,180.3,78.1,764.0,5399.0,5.0,
116800,2.5,180.3,78.1,764.0,5399.0,5.0,
116900,2.0,180.3,78.1,764.0,5399.0,5.0,
117000,2.7,180.3,78.1,764.0,5399.0,5.0,
117100,2.6,180.3,78.1,764.0,5399.0,5.0,
117200,2.4,180.3,78.1,764.0,5399.0,5.0,
117300,2.8,180.3,78.1,764.0,5399.0,5.0,
117400,10.7,180.3,78.1,764.0,5399.0,5.0,
117500,51.6,180.3,78.1,764.0,5399.0,5.0,
117600,50.3,24.3,183.6,764.0,5399.0,5.0,
117700,56.3,24.3,183.6,764.0,5399.0,5.0,
117800,51.0,24.3,183.6,764.0,5399.0,5.0,
117900,12.1,24.3,183.6,764.0,5399.0,5.0,
118000,7.3,24.3,183.6,764.0,5399.0,5.0,
118100,3.2,24.3,183.6,764.0,5399.0,5.0,
118200,2.5,24.3,183.6,764.0,5399.0,5.0,
118300,2.2,24.3,183.6,764.0,5399.0,5.0,
118400,2.3,24.3,183.6,764.0,5399.0,5.0,
118500,2.3,24.3,183.6,764.0,5399.0,5.0,
118600,1.9,36.0,93.8,764.0,5399.0,5.0,
118700,2.2,36.0,93.8,764.0,5399.0,5.0,
118800,2.7,36.0,93.8,764.0,5399.0,5.0,
118900,3.8,36.0,93.8,764.0,5399.0,5.0,
119000,19.5,36.0,93.8,764.0,5399.0,5.0,
119100,53.3,36.0,93.8,764.0,5399.0,5.0,
119200,57.9,36.0,93.8,764.0,5399.0,5.0,
119300,36.8,36.0,93.8,764.0,5399.0,5.0,
119400,35.6,36.0,93.8,764.0,5399.0,5.0,
119500,19.0,36.0,93.8,764.0,5399.0,5.0,
119600,14.3,37.4,148.4,764.0,5399.0,5.0,
119700,3.8,37.4,148.4,764.0,5399.0,5.0,
119800,3.9,37.4,148.4,764.0,5399.0,5.0,
119900,2.7,37.4,148.4,764.0,5399.0,5.0,
120000,2.7,37.4,148.4,764.0,5399.0,5.0,
120100,2.7,37.4,148.4,764.0,5399.0,5.0,
120200,2.2,37.4,148.4,764.0,5399.0,5.0,
120300,3.7,37.4,148.4,764.0,5399.0,5.0,
120400,2.3,37.4,148.4,764.0,5399.0,5.0,
120500,2.7,37.4,148.4,764.0,5399.0,5.0,
120600,4.9,6.8,207.0,764.0,5399.0,5.0,
120700,24.2,6.8,207.0,764.0,5399.0,5.0,
120800,50.5,6.8,207.0,764.0,5399.0,5.0,
120900,68.1,6.8,207.0,764.0,5399.0,5.0,
121000,29.2,6.8,207.0,764.0,5399.0,5.0,
121100,25.2,6.8,207.0,764.0,5399.0,5.0,
121200,12.0,6.8,207.0,764.0,5399.0,5.0,
121300,4.1,6.8,207.0,764.0,5399.0,5.0,
121400,2.2,6.8,207.0,764.0,5399.0,5.0,
121500,3.0,6.8,207.0,764.0,5399.0,5.0,
121700,1.8,6.8,207.0,764.0,5399.0,5.0,
121800,2.9,6.8,207.0,764.0,5399.0,5.0,
121900,372.1,6.8,207.0,1023.0,8168.0,29.0,
122000,37.7,6.8,207.0,852.0,5925.0,5.0,
122100,4.5,6.8,207.0,852.0,5925.0,5.0,
122200,6.4,6.8,207.0,852.0,5925.0,5.0,
122300,32.2,6.8,207.0,852.0,5925.0,5.0,
122400,50.0,6.8,207.0,852.0,5925.0,5.0,
122500,36.8,6.8,207.0,852.0,5925.0,5.0,
122700,15.0,6.8,207.0,852.0,5925.0,5.0,
122800,8.9,6.8,207.0,852.0,5925.0,5.0,
122900,4.8,6.8,207.0,852.0,5925.0,5.0,
123000,3.0,6.8,207.0,852.0,5925.0,5.0,
123100,3.6,6.8,207.0,852.0,5925.0,5.0,
123200,2.5,6.8,207.0,852.0,5925.0,5.0,
123300,3.4,6.8,207.0,852.0,5925.0,5.0,
123400,2.4,6.8,207.0,852.0,5925.0,5.0,
123500,3.0,6.8,207.0,852.0,5925.0,5.0,
123600,2.5,20.0,85.9,852.0,5925.0,5.0,
123700,3.1,20.0,85.9,852.0,5925.0,5.0,
123800,5.8,20.0,85.9,852.0,5925.0,5.0,
123900,14.7,20.0,85.9,852.0,5925.0,5.0,
124000,27.3,20.0,85.9,852.0,5925.0,5.0,
124100,47.4,20.0,85.9,852.0,5925.0,5.0,
124200,47.2,20.0,85.9,852.0,5925.0,5.0,
124300,35.0,20.0,85.9,852.0,5925.0,5.0,
124400,23.5,20.0,85.9,852.0,5925.0,5.0,
124500,4.9,20.0,85.9,852.0,5925.0,5.0,
124600,2.8,37.3,164.1,852.0,5925.0,5.0,
124700,3.2,37.3,164.1,852.0,5925.0,5.0,
124800,3.0,37.3,164.1,852.0,5925.0,5.0,
124900,2.6,37.3,164.1,852.0,5925.0,5.0,
125000,3.0,37.3,164.1,852.0,5925.0,5.0,
125100,2.6,37.3,164.1,852.0,5925.0,5.0,
125200,3.5,37.3,164.1,852.0,5925.0,5.0,
125300,2.4,37.3,164.1,852.0,5925.0,5.0,
125400,8.9,37.3,164.1,852.0,5925.0,5.0,
125500,31.3,37.3,164.1,852.0,5925.0,5.0,
125600,58.6,12.4,152.3,852.0,5925.0,5.0,
125700,44.2,12.4,152.3,852.0,5925.0,5.0,
125800,44.4,12.4,152.3,852.0,5925.0,5.0,
125900,22.6,12.4,152.3,852.0,5925.0,5.0,
126000,10.9,12.4,152.3,852.0,5925.0,5.0,
126100,4.3,12.4,152.3,852.0,5925.0,5.0,
126200,3.8,12.4,152.3,852.0,5925.0,5.0,
126300,4.2,12.4,152.3,852.0,5925.0,5.0,
126400,2.8,12.4,152.3,852.0,5925.0,5.0,
126500,3.0,12.4,152.3,852.0,5925.0,5.0,
126600,2.4,36.9,101.6,852.0,5925.0,5.0,
126700,2.6,36.9,101.6,852.0,5925.0,5.0,
126800,1.8,36.9,101.6,852.0,5925.0,5.0,
126900,2.5,36.9,101.6,852.0,5925.0,5.0,
127000,2.9,36.9,101.6,852.0,5925.0,5.0,
127100,13.0,36.9,101.6,852.0,5925.0,5.0,
127200,12.0,36.9,101.6,852.0,5925.0,5.0,
127300,53.4,36.9,101.6,852.0,5925.0,5.0,
127400,86.5,36.9,101.6,852.0,5925.0,5.0,
127500,44.6,36.9,101.6,852.0,5925.0,5.0,
127600,15.5,41.1,187.5,852.0,5925.0,5.0,
127700,5.5,41.1,187.5,852.0,5925.0,5.0,
127800,3.5,41.1,187.5,852.0,5925.0,5.0,
127900,2.9,41.1,187.5,852.0,5925.0,5.0,
128000,2.9,41.1,187.5,852.0,5925.0,5.0,
128100,3.2,41.1,187.5,852.0,5925.0,5.0,
128200,2.8,41.1,187.5,852.0,5925.0,5.0,
128300,364.4,41.1,187.5,1230.0,8870.0,30.0,
128400,21.0,41.1,187.5,976.0,6640.0,5.0,
128500,19.1,41.1,187.5,976.0,6640.0,5.0,
128700,46.5,41.1,187.5,976.0,6640.0,5.0,
128800,38.1,41.1,187.5,976.0,6640.0,5.0,
128900,20.6,41.1,187.5,976.0,6640.0,5.0,
129000,12.0,41.1,187.5,976.0,6640.0,5.0,
129100,14.0,41.1,187.5,976.0,6640.0,5.0,
129200,11.5,41.1,187.5,976.0,6640.0,5.0,
129300,5.7,41.1,187.5,976.0,6640.0,5.0,
129400,3.1,41.1,187.5,976.0,6640.0,5.0,
129500,5.2,41.1,187.5,976.0,6640.0,5.0,
129600,3.5,37.2,89.8,976.0,6640.0,5.0,
129700,2.8,37.2,89.8,976.0,6640.0,5.0,
129800,2.5,37.2,89.8,976.0,6640.0,5.0,
129900,2.4,37.2,89.8,976.0,6640.0,5.0,
130000,4.6,37.2,89.8,976.0,6640.0,5.0,
130100,19.4,37.2,89.8,976.0,6640.0,5.0,
130200,56.9,37.2,89.8,976.0,6640.0,5.0,
130300,78.1,37.2,89.8,976.0,6640.0,5.0,
130400,52.8,37.2,89.8,976.0,6640.0,5.0,
130500,27.0,37.2,89.8,976.0,6640.0,5.0,
130700,7.3,37.2,89.8,976.0,6640.0,5.0,
130800,8.5,37.2,89.8,976.0,6640.0,5.0,
130900,6.4,37.2,89.8,976.0,6640.0,5.0,
131000,3.5,37.2,89.8,976.0,6640.0,5.0,
131100,2.9,37.2,89.8,976.0,6640.0,5.0,
131200,2.8,37.2,89.8,976.0,6640.0,5.0,
131300,4.3,37.2,89.8,976.0,6640.0,5.0,
131400,3.1,37.2,89.8,976.0,6640.0,5.0,
131500,2.4,37.2,89.8,976.0,6640.0,5.0,
131700,13.6,37.2,89.8,976.0,6640.0,5.0,
131800,30.6,37.2,89.8,976.0,6640.0,5.0,
131900,37.7,37.2,89.8,976.0,6640.0,5.0,
132000,40.1,37.2,89.8,976.0,6640.0,5.0,
132100,31.3,37.2,89.8,976.0,6640.0,5.0,
132200,12.7,37.2,89.8,976.0,6640.0,5.0,
132300,11.3,37.2,89.8,976.0,6640.0,5.0,
132400,7.4,37.2,89.8,976.0,6640.0,5.0,
132500,6.2,37.2,89.8,976.0,6640.0,5.0,
132600,4.1,35.5,105.5,976.0,6640.0,5.0,
132700,2.8,35.5,105.5,976.0,6640.0,5.0,
132800,2.8,35.5,105.5,976.0,6640.0,5.0,
132900,2.9,35.5,105.5,976.0,6640.0,5.0,
133000,2.5,35.5,105.5,976.0,6640.0,5.0,
133100,2.7,35.5,105.5,976.0,6640.0,5.0,
133200,3.0,35.5,105.5,976.0,6640.0,5.0,
133300,6.4,35.5,105.5,976.0,6640.0,5.0,
133400,7.1,35.5,105.5,976.0,6640.0,5.0,
133500,72.5,35.5,105.5,976.0,6640.0,5.0,
133600,61.3,24.0,125.0,976.0,6640.0,5.0,
133700,66.3,24.0,125.0,976.0,6640.0,5.0,
133800,26.1,24.0,125.0,976.0,6640.0,5.0,
133900,13.7,24.0,125.0,976.0,6640.0,5.0,
134000,9.7,24.0,125.0,976.0,6640.0,5.0,
134100,7.7,24.0,125.0,976.0,6640.0,5.0,
134200,3.8,24.0,125.0,976.0,6640.0,5.0,
134300,3.6,24.0,125.0,976.0,6640.0,5.0,
134400,2.4,24.0,125.0,976.0,6640.0,5.0,
134500,2.7,24.0,125.0,976.0,6640.0,5.0,
134600,2.0,39.5,97.7,976.0,6640.0,5.0,
134700,2.8,39.5,97.7,976.0,6640.0,5.0,
134800,2.8,39.5,97.7,976.0,6640.0,5.0,
134900,1.9,39.5,97.7,976.0,6640.0,5.0,
135000,10.4,39.5,97.7,976.0,6640.0,5.0,
135100,38.0,39.5,97.7,976.0,6640.0,5.0,
135200,61.9,39.5,97.7,976.0,6640.0,5.0,
135300,63.0,39.5,97.7,976.0,6640.0,5.0,
135400,23.2,39.5,97.7,976.0,6640.0,5.0,
135500,8.9,39.5,97.7,976.0,6640.0,5.0,
135600,290.6,39.9,148.4,976.0,6640.0,5.0,
135700,85.7,39.9,148.4,931.0,6245.0,5.0,
135800,6.7,39.9,148.4,931.0,6245.0,5.0,
135900,3.3,39.9,148.4,931.0,6245.0,5.0,
136000,2.6,39.9,148.4,931.0,6245.0,5.0,
136100,2.6,39.9,148.4,931.0,6245.0,5.0,
136200,2.6,39.9,148.4,931.0,6245.0,5.0,
136300,2.0,39.9,148.4,931.0,6245.0,5.0,
136400,2.4,39.9,148.4,931.0,6245.0,5.0,
136500,2.8,39.9,148.4,931.0,6245.0,5.0,
136700,12.9,39.9,148.4,931.0,6245.0,5.0,
136800,33.5,39.9,148.4,931.0,6245.0,5.0,
136900,48.7,39.9,148.4,931.0,6245.0,5.0,
137000,72.3,39.9,148.4,931.0,6245.0,5.0,
137100,41.5,39.9,148.4,931.0,6245.0,5.0,
137200,13.6,39.9,148.4,931.0,6245.0,5.0,
137300,8.2,39.9,148.4,931.0,6245.0,5.0,
137400,3.5,39.9,148.4,931.0,6245.0,5.0,
137500,2.8,39.9,148.4,931.0,6245.0,5.0,
137700,2.7,39.9,148.4,931.0,6245.0,5.0,
137800,2.7,39.9,148.4,931.0,6245.0,5.0,
137900,2.8,39.9,148.4,931.0,6245.0,5.0,
138000,2.2,39.9,148.4,931.0,6245.0,5.0,
138100,2.0,39.9,148.4,931.0,6245.0,5.0,
138200,2.3,39.9,148.4,931.0,6245.0,5.0,
138300,2.7,39.9,148.4,931.0,6245.0,5.0,
138400,16.2,39.9,148.4,931.0,6245.0,5.0,
138500,36.9,39.9,148.4,931.0,6245.0,5.0,
138600,61.4,14.9,171.9,931.0,6245.0,5.0,
138700,38.3,14.9,171.9,931.0,6245.0,5.0,
138800,34.6,14.9,171.9,931.0,6245.0,5.0,
138900,9.3,14.9,171.9,931.0,6245.0,5.0,
139000,3.2,14.9,171.9,931.0,6245.0,5.0,
139100,2.4,14.9,171.9,931.0,6245.0,5.0,
139200,2.4,14.9,171.9,931.0,6245.0,5.0,
139300,2.8,14.9,171.9,931.0,6245.0,5.0,
139400,2.1,14.9,171.9,931.0,6245.0,5.0,
139500,3.0,14.9,171.9,931.0,6245.0,5.0,
139600,2.8,38.7,101.6,931.0,6245.0,5.0,
139700,2.1,38.7,101.6,931.0,6245.0,5.0,
139800,2.7,38.7,101.6,931.0,6245.0,5.0,
139900,2.2,38.7,101.6,931.0,6245.0,5.0,
140000,10.4,38.7,101.6,931.0,6245.0,5.0,
140100,9.2,38.7,101.6,931.0,6245.0,5.0,
140200,6.9,38.7,101.6,931.0,6245.0,5.0,
140300,9.9,38.7,101.6,931.0,6245.0,5.0,
140400,14.4,38.7,101.6,931.0,6245.0,5.0,
140500,20.3,38.7,101.6,931.0,6245.0,5.0,
140600,71.5,12.0,136.7,931.0,6245.0,5.0,
140700,72.7,12.0,136.7,931.0,6245.0,5.0,
140800,39.3,12.0,136.7,931.0,6245.0,5.0,
140900,5.9,12.0,136.7,931.0,6245.0,5.0,
141000,5.1,12.0,136.7,931.0,6245.0,5.0,
141100,3.0,12.0,136.7,931.0,6245.0,5.0,
141200,2.1,12.0,136.7,931.0,6245.0,5.0,
141300,2.5,12.0,136.7,931.0,6245.0,5.0,
141400,2.2,12.0,136.7,931.0,6245.0,5.0,
141500,2.6,12.0,136.7,931.0,6245.0,5.0,
141700,22.6,12.0,136.7,931.0,6245.0,5.0,
141800,51.5,12.0,136.7,931.0,6245.0,5.0,
141900,42.5,12.0,136.7,931.0,6245.0,5.0,
142000,42.6,12.0,136.7,931.0,6245.0,5.0,
142100,13.2,12.0,136.7,931.0,6245.0,5.0,
142200,4.6,12.0,136.7,931.0,6245.0,5.0,
142300,2.5,12.0,136.7,931.0,6245.0,5.0,
142400,2.4,12.0,136.7,931.0,6245.0,5.0,
142500,2.7,12.0,136.7,931.0,6245.0,5.0,
142600,2.4,33.0,97.7,931.0,6245.0,5.0,
142700,1.9,33.0,97.7,931.0,6245.0,5.0,
142800,2.5,33.0,97.7,931.0,6245.0,5.0,
142900,2.8,33.0,97.7,931.0,6245.0,5.0,
143000,2.1,33.0,97.7,931.0,6245.0,5.0,
143100,3.3,33.0,97.7,931.0,6245.0,5.0,
143200,458.6,33.0,97.7,1099.0,8920.0,13.0,
143300,68.5,33.0,97.7,965.0,6195.0,5.0,
143400,55.7,33.0,97.7,965.0,6195.0,5.0,
143500,31.9,33.0,97.7,965.0,6195.0,5.0,
143600,10.3,195.6,140.6,965.0,6195.0,5.0,
143700,7.7,195.6,140.6,965.0,6195.0,5.0,
143800,4.6,195.6,140.6,965.0,6195.0,5.0,
143900,2.8,195.6,140.6,965.0,6195.0,5.0,
144000,2.7,195.6,140.6,965.0,6195.0,5.0,
144100,2.7,195.6,140.6,965.0,6195.0,5.0,
144200,2.0,195.6,140.6,965.0,6195.0,5.0,
144300,2.6,195.6,140.6,965.0,6195.0,5.0,
144400,2.2,195.6,140.6,965.0,6195.0,5.0,
144500,3.3,195.6,140.6,965.0,6195.0,5.0,
144600,4.4,8.8,109.4,965.0,6195.0,5.0,
144700,3.0,8.8,109.4,965.0,6195.0,5.0,
144800,16.3,8.8,109.4,965.0,6195.0,5.0,
144900,57.4,8.8,109.4,965.0,6195.0,5.0,
145000,51.2,8.8,109.4,965.0,6195.0,5.0,
145100,35.1,8.8,109.4,965.0,6195.0,5.0,
145200,10.1,8.8,109.4,965.0,6195.0,5.0,
145300,7.1,8.8,109.4,965.0,6195.0,5.0,
145400,4.7,8.8,109.4,965.0,6195.0,5.0,
145500,2.7,8.8,109.4,965.0,6195.0,5.0,
145600,2.9,34.6,101.6,965.0,6195.0,5.0,
145700,2.1,34.6,101.6,965.0,6195.0,5.0,
145800,2.9,34.6,101.6,965.0,6195.0,5.0,
145900,3.8,34.6,101.6,965.0,6195.0,5.0,
146000,2.0,34.6,101.6,965.0,6195.0,5.0,
146100,3.0,34.6,101.6,965.0,6195.0,5.0,
146200,3.1,34.6,101.6,965.0,6195.0,5.0,
146300,21.3,34.6,101.6,965.0,6195.0,5.0,
146400,40.3,34.6,101.6,965.0,6195.0,5.0,
146500,52.8,34.6,101.6,965.0,6195.0,5.0,
146600,41.9,33.4,156.3,965.0,6195.0,5.0,
146700,16.1,33.4,156.3,965.0,6195.0,5.0,
146800,10.7,33.4,156.3,965.0,6195.0,5.0,
146900,11.8,33.4,156.3,965.0,6195.0,5.0,
147000,6.0,33.4,156.3,965.0,6195.0,5.0,
147100,3.3,33.4,156.3,965.0,6195.0,5.0,
147200,2.1,33.4,156.3,965.0,6195.0,5.0,
147300,2.4,33.4,156.3,965.0,6195.0,5.0,
147400,2.3,33.4,156.3,965.0,6195.0,5.0,
147500,1.8,33.4,156.3,965.0,6195.0,5.0,
147600,2.8,29.1,93.8,965.0,6195.0,5.0,
147700,2.7,29.1,93.8,965.0,6195.0,5.0,
147800,1.8,29.1,93.8,965.0,6195.0,5.0,
147900,3.9,29.1,93.8,965.0,6195.0,5.0,
148000,6.0,29.1,93.8,965.0,6195.0,5.0,
148100,37.8,29.1,93.8,965.0,6195.0,5.0,
148200,56.3,29.1,93.8,965.0,6195.0,5.0,
148300,46.9,29.1,93.8,965.0,6195.0,5.0,
148400,20.5,29.1,93.8,965.0,6195.0,5.0,
148500,10.6,29.1,93.8,965.0,6195.0,5.0,
148600,6.4,37.6,132.8,965.0,6195.0,5.0,
148700,3.2,37.6,132.8,965.0,6195.0,5.0,
148800,2.8,37.6,132.8,965.0,6195.0,5.0,
148900,2.9,37.6,132.8,965.0,6195.0,5.0,
149000,2.2,37.6,132.8,965.0,6195.0,5.0,
149100,2.4,37.6,132.8,965.0,6195.0,5.0,
149200,2.7,37.6,132.8,965.0,6195.0,5.0,
149300,2.3,37.6,132.8,965.0,6195.0,5.0,
149400,2.4,37.6,132.8,965.0,6195.0,5.0,
149500,6.6,37.6,132.8,965.0,6195.0,5.0,
149600,35.6,4.9,97.7,965.0,6195.0,5.0,
149700,44.9,4.9,97.7,965.0,6195.0,5.0,
149800,26.6,4.9,97.7,965.0,6195.0,5.0,
149900,25.7,4.9,97.7,965.0,6195.0,5.0,
150000,12.5,4.9,97.7,965.0,6195.0,5.0,
150100,6.9,4.9,97.7,965.0,6195.0,5.0,
150200,6.5,4.9,97.7,965.0,6195.0,5.0,
150300,3.3,4.9,97.7,965.0,6195.0,5.0,
150400,3.5,4.9,97.7,965.0,6195.0,5.0,
150500,2.8,4.9,97.7,965.0,6195.0,5.0,
150600,2.1,28.7,93.8,965.0,6195.0,5.0,
150700,2.3,28.7,93.8,965.0,6195.0,5.0,
150800,1.7,28.7,93.8,965.0,6195.0,5.0,
150900,2.4,28.7,93.8,965.0,6195.0,5.0,
151000,4.2,28.7,93.8,965.0,6195.0,5.0,
151100,2.3,28.7,93.8,965.0,6195.0,5.0,
151200,5.0,28.7,93.8,965.0,6195.0,5.0,
151300,21.5,28.7,93.8,965.0,6195.0,5.0,
151400,50.2,28.7,93.8,965.0,6195.0,5.0,
151500,44.8,28.7,93.8,965.0,6195.0,5.0,
151700,11.9,28.7,93.8,965.0,6195.0,5.0,
151800,9.8,28.7,93.8,965.0,6195.0,5.0,
151900,3.6,28.7,93.8,965.0,6195.0,5.0,
152000,2.5,28.7,93.8,965.0,6195.0,5.0,
152100,2.9,28.7,93.8,965.0,6195.0,5.0,
152200,2.1,28.7,93.8,965.0,6195.0,5.0,
152300,2.2,28.7,93.8,965.0,6195.0,5.0,
152400,1.9,28.7,93.8,965.0,6195.0,5.0,
152500,3.2,28.7,93.8,965.0,6195.0,5.0,
152600,3.3,25.0,89.8,965.0,6195.0,5.0,
152700,7.7,25.0,89.8,965.0,6195.0,5.0,
152800,31.1,25.0,89.8,965.0,6195.0,5.0,
152900,50.0,25.0,89.8,965.0,6195.0,5.0,
153000,70.0,25.0,89.8,965.0,6195.0,5.0,
153100,33.4,25.0,89.8,965.0,6195.0,5.0,
153200,10.0,25.0,89.8,965.0,6195.0,5.0,
153300,9.0,25.0,89.8,965.0,6195.0,5.0,
153400,9.6,25.0,89.8,965.0,6195.0,5.0,
153500,2.8,25.0,89.8,965.0,6195.0,5.0,
153600,2.3,37.9,74.2,965.0,6195.0,5.0,
153700,2.9,37.9,74.2,965.0,6195.0,5.0,
153800,3.3,37.9,74.2,965.0,6195.0,5.0,
153900,2.7,37.9,74.2,965.0,6195.0,5.0,
154000,2.2,37.9,74.2,965.0,6195.0,5.0,
154100,3.9,37.9,74.2,965.0,6195.0,5.0,
154200,4.1,37.9,74.2,965.0,6195.0,5.0,
154300,7.9,37.9,74.2,965.0,6195.0,5.0,
154400,15.6,37.9,74.2,965.0,6195.0,5.0,
154500,64.9,37.9,74.2,965.0,6195.0,5.0,
154600,56.8,23.0,160.2,965.0,6195.0,5.0,
154700,51.4,23.0,160.2,965.0,6195.0,5.0,
154800,16.2,23.0,160.2,965.0,6195.0,5.0,
154900,267.1,23.0,160.2,965.0,6195.0,5.0,
155000,79.0,23.0,160.2,731.0,5110.0,5.0,
155100,7.1,23.0,160.2,731.0,5110.0,5.0,
155200,3.7,23.0,160.2,731.0,5110.0,5.0,
155300,2.2,23.0,160.2,731.0,5110.0,5.0,
155400,2.8,23.0,160.2,731.0,5110.0,5.0,
155500,2.6,23.0,160.2,731.0,5110.0,5.0,
155700,2.5,23.0,160.2,731.0,5110.0,5.0,
155800,2.7,23.0,160.2,731.0,5110.0,5.0,
155900,3.1,23.0,160.2,731.0,5110.0,5.0,
156000,3.0,23.0,160.2,731.0,5110.0,5.0,
156100,12.1,23.0,160.2,731.0,5110.0,5.0,
156200,31.8,23.0,160.2,731.0,5110.0,5.0,
156300,45.7,23.0,160.2,731.0,5110.0,5.0,
156400,43.2,23.0,160.2,731.0,5110.0,5.0,
156500,34.8,23.0,160.2,731.0,5110.0,5.0,
156600,11.4,32.4,128.9,731.0,5110.0,5.0,
156700,3.1,32.4,128.9,731.0,5110.0,5.0,
156800,2.7,32.4,128.9,731.0,5110.0,5.0,
156900,2.8,32.4,128.9,731.0,5110.0,5.0,
157000,3.2,32.4,128.9,731.0,5110.0,5.0,
157100,2.3,32.4,128.9,731.0,5110.0,5.0,
157200,2.8,32.4,128.9,731.0,5110.0,5.0,
157300,2.9,32.4,128.9,731.0,5110.0,5.0,
157400,2.4,32.4,128.9,731.0,5110.0,5.0,
157500,2.8,32.4,128.9,731.0,5110.0,5.0,
157600,2.6,7.1,132.8,731.0,5110.0,5.0,
157700,12.3,7.1,132.8,731.0,5110.0,5.0,
157800,49.9,7.1,132.8,731.0,5110.0,5.0,
157900,40.0,7.1,132.8,731.0,5110.0,5.0,
158000,29.7,7.1,132.8,731.0,5110.0,5.0,
158100,18.7,7.1,132.8,731.0,5110.0,5.0,
158200,10.2,7.1,132.8,731.0,5110.0,5.0,
158300,3.6,7.1,132.8,731.0,5110.0,5.0,
158400,3.2,7.1,132.8,731.0,5110.0,5.0,
158500,3.3,7.1,132.8,731.0,5110.0,5.0,
158600,2.2,34.9,97.7,731.0,5110.0,5.0,
158700,2.4,34.9,97.7,731.0,5110.0,5.0,
158800,4.4,34.9,97.7,731.0,5110.0,5.0,
158900,2.6,34.9,97.7,731.0,5110.0,5.0,
159000,2.8,34.9,97.7,731.0,5110.0,5.0,
159100,3.5,34.9,97.7,731.0,5110.0,5.0,
159200,7.9,34.9,97.7,731.0,5110.0,5.0,
159300,20.6,34.9,97.7,731.0,5110.0,5.0,
159400,67.7,34.9,97.7,731.0,5110.0,5.0,
159500,52.9,34.9,97.7,731.0,5110.0,5.0,
159600,30.2,35.7,144.5,731.0,5110.0,5.0,
159700,10.8,35.7,144.5,731.0,5110.0,5.0,
159800,7.2,35.7,144.5,731.0,5110.0,5.0,
159900,3.4,35.7,144.5,731.0,5110.0,5.0,
160000,3.9,35.7,144.5,731.0,5110.0,5.0,
160100,2.2,35.7,144.5,731.0,5110.0,5.0,
160200,2.8,35.7,144.5,731.0,5110.0,5.0,
160300,2.5,35.7,144.5,731.0,5110.0,5.0,
160400,2.0,35.7,144.5,731.0,5110.0,5.0,
160500,3.7,35.7,144.5,731.0,5110.0,5.0,
160600,3.7,13.7,109.4,731.0,5110.0,5.0,
160700,2.0,13.7,109.4,731.0,5110.0,5.0,
160800,5.1,13.7,109.4,731.0,5110.0,5.0,
160900,19.5,13.7,109.4,731.0,5110.0,5.0,
161000,34.4,13.7,109.4,731.0,5110.0,5.0,
161100,58.0,13.7,109.4,731.0,5110.0,5.0,
161200,267.1,13.7,109.4,1057.0,6272.0,5.0,
161300,40.3,13.7,109.4,1057.0,6272.0,5.0,
161400,10.3,13.7,109.4,1057.0,6272.0,5.0,
161500,6.1,13.7,109.4,1057.0,6272.0,5.0,
161700,3.1,13.7,109.4,1057.0,6272.0,5.0,
161800,2.9,13.7,109.4,1057.0,6272.0,5.0,
161900,2.3,13.7,109.4,1057.0,6272.0,5.0,
162000,2.9,13.7,109.4,1057.0,6272.0,5.0,
162100,3.6,13.7,109.4,1057.0,6272.0,5.0,
162200,3.3,13.7,109.4,1057.0,6272.0,5.0,
162300,4.9,13.7,109.4,1057.0,6272.0,5.0,
162400,4.3,13.7,109.4,1057.0,6272.0,5.0,
162500,22.9,13.7,109.4,1057.0,6272.0,5.0,
162600,42.3,17.7,156.3,1057.0,6272.0,5.0,
162700,57.0,17.7,156.3,1057.0,6272.0,5.0,
162800,39.3,17.7,156.3,1057.0,6272.0,5.0,
162900,22.2,17.7,156.3,1057.0,6272.0,5.0,
163000,14.3,17.7,156.3,1057.0,6272.0,5.0,
163100,5.0,17.7,156.3,1057.0,6272.0,5.0,
163200,3.1,17.7,156.3,1057.0,6272.0,5.0,
163300,3.6,17.7,156.3,1057.0,6272.0,5.0,
163400,2.3,17.7,156.3,1057.0,6272.0,5.0,
163500,3.4,17.7,156.3,1057.0,6272.0,5.0,
163600,3.3,37.5,101.6,1057.0,6272.0,5.0,
163700,2.5,37.5,101.6,1057.0,6272.0,5.0,
163800,4.0,37.5,101.6,1057.0,6272.0,5.0,
163900,2.6,37.5,101.6,1057.0,6272.0,5.0,
164000,6.9,37.5,101.6,1057.0,6272.0,5.0,
164100,26.9,37.5,101.6,1057.0,6272.0,5.0,
164200,53.1,37.5,101.6,1057.0,6272.0,5.0,
164300,39.6,37.5,101.6,1057.0,6272.0,5.0,
164400,28.2,37.5,101.6,1057.0,6272.0,5.0,
164500,41.0,37.5,101.6,1057.0,6272.0,5.0,
164700,14.8,37.5,101.6,1057.0,6272.0,5.0,
164800,4.2,37.5,101.6,1057.0,6272.0,5.0,
164900,3.3,37.5,101.6,1057.0,6272.0,5.0,
165000,2.7,37.5,101.6,1057.0,6272.0,5.0,
165100,2.7,37.5,101.6,1057.0,6272.0,5.0,
165200,2.3,37.5,101.6,1057.0,6272.0,5.0,
165300,3.0,37.5,101.6,1057.0,6272.0,5.0,
165400,2.8,37.5,101.6,1057.0,6272.0,5.0,
165500,3.0,37.5,101.6,1057.0,6272.0,5.0,
165600,3.6,173.5,66.4,1057.0,6272.0,5.0,
165700,15.7,173.5,66.4,1057.0,6272.0,5.0,
165800,40.7,173.5,66.4,1057.0,6272.0,5.0,
165900,55.8,173.5,66.4,1057.0,6272.0,5.0,
166000,60.8,173.5,66.4,1057.0,6272.0,5.0,
166100,12.3,173.5,66.4,1057.0,6272.0,5.0,
166200,8.4,173.5,66.4,1057.0,6272.0,5.0,
166300,6.4,173.5,66.4,1057.0,6272.0,5.0,
166400,2.7,173.5,66.4,1057.0,6272.0,5.0,
166500,3.0,173.5,66.4,1057.0,6272.0,5.0,
166700,2.1,173.5,66.4,1057.0,6272.0,5.0,
166800,2.6,173.5,66.4,1057.0,6272.0,5.0,
166900,2.5,173.5,66.4,1057.0,6272.0,5.0,
167000,1.8,173.5,66.4,1057.0,6272.0,5.0,
167100,2.8,173.5,66.4,1057.0,6272.0,5.0,
167200,4.5,173.5,66.4,1057.0,6272.0,5.0,
167300,10.7,173.5,66.4,1057.0,6272.0,5.0,
167400,20.5,173.5,66.4,1057.0,6272.0,5.0,
167500,44.1,173.5,66.4,1057.0,6272.0,5.0,
167600,51.9,25.1,164.1,1057.0,6272.0,5.0,
167700,34.2,25.1,164.1,1057.0,6272.0,5.0,
167800,21.4,25.1,164.1,1057.0,6272.0,5.0,
167900,8.2,25.1,164.1,1057.0,6272.0,5.0,
168000,2.5,25.1,164.1,1057.0,6272.0,5.0,
168100,2.9,25.1,164.1,1057.0,6272.0,5.0,
168200,2.3,25.1,164.1,1057.0,6272.0,5.0,
168300,2.9,25.1,164.1,1057.0,6272.0,5.0,
168400,2.1,25.1,164.1,1057.0,6272.0,5.0,
168500,2.0,25.1,164.1,1057.0,6272.0,5.0,
168600,2.6,26.3,93.8,1057.0,6272.0,5.0,
168700,2.7,26.3,93.8,1057.0,6272.0,5.0,
168800,4.9,26.3,93.8,1057.0,6272.0,5.0,
168900,7.8,26.3,93.8,1057.0,6272.0,5.0,
169000,18.9,26.3,93.8,1057.0,6272.0,5.0,
169100,34.3,26.3,93.8,1057.0,6272.0,5.0,
169200,39.7,26.3,93.8,1057.0,6272.0,5.0,
169300,10.3,26.3,93.8,1057.0,6272.0,5.0,
169400,6.8,26.3,93.8,1057.0,6272.0,5.0,
169500,7.7,26.3,93.8,1057.0,6272.0,5.0,
169600,3.3,24.2,136.7,1057.0,6272.0,5.0,
169700,2.6,24.2,136.7,1057.0,6272.0,5.0,
169800,3.4,24.2,136.7,1057.0,6272.0,5.0,
169900,2.4,24.2,136.7,1057.0,6272.0,5.0,
170000,2.6,24.2,136.7,1057.0,6272.0,5.0,
170100,2.9,24.2,136.7,1057.0,6272.0,5.0,
170200,3.5,24.2,136.7,1057.0,6272.0,5.0,
170300,2.4,24.2,136.7,1057.0,6272.0,5.0,
170400,4.0,24.2,136.7,1057.0,6272.0,5.0,
170500,16.1,24.2,136.7,1057.0,6272.0,5.0,
170600,39.5,6.6,136.7,1057.0,6272.0,5.0,
170700,315.3,6.6,136.7,1057.0,6272.0,5.0,
170800,108.7,6.6,136.7,919.0,6006.0,5.0,
170900,35.3,6.6,136.7,919.0,6006.0,5.0,
171000,9.3,6.6,136.7,919.0,6006.0,5.0,
171100,9.0,6.6,136.7,919.0,6006.0,5.0,
171200,3.3,6.6,136.7,919.0,6006.0,5.0,
171300,3.0,6.6,136.7,919.0,6006.0,5.0,
171400,2.4,6.6,136.7,919.0,6006.0,5.0,
171500,2.1,6.6,136.7,919.0,6006.0,5.0,
171700,2.5,6.6,136.7,919.0,6006.0,5.0,
171800,2.3,6.6,136.7,919.0,6006.0,5.0,
171900,2.8,6.6,136.7,919.0,6006.0,5.0,
172000,6.7,6.6,136.7,919.0,6006.0,5.0,
172100,13.2,6.6,136.7,919.0,6006.0,5.0,
172200,44.0,6.6,136.7,919.0,6006.0,5.0,
172300,39.8,6.6,136.7,919.0,6006.0,5.0,
172400,35.8,6.6,136.7,919.0,6006.0,5.0,
172500,12.7,6.6,136.7,919.0,6006.0,5.0,
172600,7.2,33.3,132.8,919.0,6006.0,5.0,
172700,6.5,33.3,132.8,919.0,6006.0,5.0,
172800,4.7,33.3,132.8,919.0,6006.0,5.0,
172900,2.6,33.3,132.8,919.0,6006.0,5.0,
173000,2.5,33.3,132.8,919.0,6006.0,5.0,
173100,3.1,33.3,132.8,919.0,6006.0,5.0,
173200,2.8,33.3,132.8,919.0,6006.0,5.0,
173300,2.3,33.3,132.8,919.0,6006.0,5.0,
173400,2.6,33.3,132.8,919.0,6006.0,5.0,
173500,9.5,33.3,132.8,919.0,6006.0,5.0,
173600,28.5,6.1,101.6,919.0,6006.0,5.0,
173700,24.3,6.1,101.6,919.0,6006.0,5.0,
173800,17.2,6.1,101.6,919.0,6006.0,5.0,
173900,53.5,6.1,101.6,919.0,6006.0,5.0,
174000,51.6,6.1,101.6,919.0,6006.0,5.0,
174100,15.6,6.1,101.6,919.0,6006.0,5.0,
174200,7.9,6.1,101.6,919.0,6006.0,5.0,
174300,8.0,6.1,101.6,919.0,6006.0,5.0,
174400,3.4,6.1,101.6,919.0,6006.0,5.0,
174500,3.0,6.1,101.6,919.0,6006.0,5.0,
174600,3.4,33.4,74.2,919.0,6006.0,5.0,
