wall_time,timestamp_ms,emg_raw,emg_env,rms,mdf,rms_slope,mdf_slope,fatigue_detected,consecutive,is_running,is_stimulating,history_count,baseline_rms,rms_ratio,muscle_state,marker
2026-07-21T15:42:22.495576,9267130,1864.21,17.58602,0,0,,,false,,true,true,,,,,
2026-07-21T15:42:23.396141,9268030,1853.4,150.5713,0,93.50099,,,false,,true,true,,,,,
2026-07-21T15:42:24.385862,9269030,1860.1,14.90396,173.31,216.3485,,,false,,true,true,,,,,
2026-07-21T15:42:25.407127,9270030,1856.13,27.39015,117.378,37.68888,,,false,,true,true,,,,,
2026-07-21T15:42:26.395884,9271030,1880.53,106.2005,124.101,199.8964,,,false,,true,true,,,,,
2026-07-21T15:42:27.385354,9272030,1855.51,16.50772,125.8831,187.4976,,,false,,true,true,,,,,
2026-07-21T15:42:28.407065,9273030,1847.17,126.725,87.00908,195.6584,,,false,,true,true,,,,,
2026-07-21T15:42:29.395495,9274030,1860.74,17.31262,79.47456,238.8447,,,false,,true,true,,,,,
2026-07-21T15:42:30.387950,9275030,1860.46,16.04077,115.7318,51.10806,,,false,,true,true,,,,,
2026-07-21T15:42:31.407199,9276030,1851.16,88.43066,104.6091,56.2033,,,false,,true,true,,,,,
2026-07-21T15:42:32.395800,9277030,1859.22,13.70011,83.47128,209.0141,,,false,,true,true,,,,,
2026-07-21T15:42:33.419140,9278030,1862.4,106.8673,125.617,92.26803,,,false,,true,true,,,,,
2026-07-21T15:42:34.406941,9279030,1857.73,43.21989,123.9974,247.3732,,,false,,true,true,,,,,
2026-07-21T15:42:35.395597,9280030,1858.11,17.2738,74.71057,41.03749,,,false,,true,true,,,,,
2026-07-21T15:42:36.386323,9281030,1865.4,214.1967,83.73389,39.51751,,,false,,true,true,,,,,
2026-07-21T15:42:37.407972,9282030,1861.6,17.41368,116.5418,234.9081,,,false,,true,true,,,,,rest_end
2026-07-21T15:42:38.425892,9283030,1857.76,19.51356,117.9055,88.70174,,,false,,true,true,,,,,
2026-07-21T15:42:39.385480,9284030,1862.67,38.22955,109.7398,249.8681,,,false,,true,true,,,,,
2026-07-21T15:42:40.406438,9285030,1854.2,14.54943,73.98186,229.8117,,,false,,true,true,,,,,
2026-07-21T15:42:41.396041,9286030,1847.4,133.5558,86.90105,28.2341,,,false,,true,true,,,,,
2026-07-21T15:42:42.384523,9287030,1857.85,17.73138,86.19313,216.2628,,,false,,true,true,,,,,
2026-07-21T15:42:43.405994,9288030,1858.92,15.52076,118.4093,83.86581,,,false,,true,true,,,,,
2026-07-21T15:42:44.395976,9289030,1854.42,196.9452,113.7077,37.28469,,,false,,true,true,,,,,
2026-07-21T15:42:45.384406,9290030,1857.82,18.61837,121.6924,228.3113,,,false,,true,true,,,,,
2026-07-21T15:42:46.407438,9291030,1863.55,34.11329,95.93117,37.90129,,,false,,true,true,,,,,
2026-07-21T15:42:47.395257,9292030,1860.73,55.82777,95.85903,238.9,,,false,,true,true,,,,,
2026-07-21T15:42:48.384893,9293030,1861.07,18.428,93.59073,130.637,,,false,,true,true,,,,,
2026-07-21T15:42:49.406420,9294030,1866.49,84.36659,104.3204,93.49653,,,false,,true,true,,,,,
2026-07-21T15:42:50.395407,9295030,1861.35,18.86505,96.86826,240.7957,,,false,,true,true,,,,,
2026-07-21T15:42:51.384742,9296030,1864.18,17.77785,83.64606,73.37065,,,false,,true,true,,,,,
2026-07-21T15:42:52.436834,9297030,1846.57,75.82665,94.02351,87.55502,,,false,,true,true,,,,,
2026-07-21T15:42:53.398610,9298030,1860.99,15.5135,106.6632,239.7377,,,false,,true,true,,,,,
2026-07-21T15:42:54.386664,9299030,1846.42,116.146,106.3112,36.51257,,,false,,true,true,,,,,
2026-07-21T15:42:55.404957,9300030,1861.19,16.19881,106.5699,235.8961,,,false,,true,true,,,,,
2026-07-21T15:42:56.395625,9301030,1855.28,16.13453,120.5513,41.18293,,,false,,true,true,,,,,
2026-07-21T15:42:57.416268,9302030,1863.28,161.3702,137.125,36.01254,,,false,,true,true,,,,,
2026-07-21T15:42:58.405410,9303030,1857.48,20.6408,128.1204,268.2737,,,false,,true,true,,,,,
2026-07-21T15:42:59.395359,9304030,1853.21,26.12999,107.2856,57.37916,,,false,,true,true,,,,,
2026-07-21T15:43:00.387695,9305030,1863.81,100.3361,110.0533,208.83,,,false,,true,true,,,,,
2026-07-21T15:43:01.406614,9306030,1859.52,14.21598,111.4851,270.5488,,,false,,true,true,,,,,
2026-07-21T15:43:02.395880,9307030,1853.38,109.0493,114.1799,157.5343,,,false,,true,true,,,,,
2026-07-21T15:43:03.388185,9308030,1861.98,15.96925,120.6336,245.4367,,,false,,true,true,,,,,
2026-07-21T15:43:04.405690,9309030,1859.17,17.7486,89.81075,220.6811,,,false,,true,true,,,,,
2026-07-21T15:43:05.395892,9310030,1872.77,195.704,104.781,88.65189,,,false,,true,true,,,,,
2026-07-21T15:43:06.387458,9311030,1860.04,15.06825,123.2808,251.8067,,,false,,true,true,,,,,
2026-07-21T15:43:07.406661,9312030,1842.7,101.8393,124.1307,50.14205,,,false,,true,true,,,,,
2026-07-21T15:43:08.395429,9313030,1859.5,32.7143,124.7662,263.9346,,,false,,true,true,,,,,
2026-07-21T15:43:09.387211,9314030,1862.81,15.65586,117.4998,56.95029,,,false,,true,true,,,,,
2026-07-21T15:43:10.406386,9315030,1859.23,136.5279,133.4282,89.9379,,,false,,true,true,,,,,
2026-07-21T15:43:11.395266,9316030,1857.18,15.28001,138.5624,248.0958,,,false,,true,true,,,,,
2026-07-21T15:43:12.384792,9317030,1863.36,17.92316,117.4642,69.97529,,,false,,true,true,,,,,
2026-07-21T15:43:13.405668,9318030,1877.67,77.05829,119.5762,229.0075,,,false,,true,true,,,,,
2026-07-21T15:43:14.395487,9319030,1859.67,18.37105,125.3006,201.246,,,false,,true,true,,,,,
2026-07-21T15:43:15.387907,9320030,1832.6,130.6179,97.26891,52.00187,,,false,,true,true,,,,,
2026-07-21T15:43:16.436514,9321030,1861.88,17.33113,93.78387,238.6076,,,false,,true,true,,,,,
2026-07-21T15:43:17.395742,9322030,1865.11,17.83548,114.3517,92.80402,,,false,,true,true,,,,,
2026-07-21T15:43:18.384794,9323030,1862.96,73.67254,111.5858,35.48835,,,false,,true,true,,,,,
2026-07-21T15:43:19.407560,9324030,1858.62,17.97302,112.3777,238.4899,,,false,,true,true,,,,,
2026-07-21T15:43:20.426021,9325030,1855.11,40.42579,119.5603,81.98326,,,false,,true,true,,,,,
2026-07-21T15:43:21.384730,9326030,1866.81,68.42599,119.5403,220.3809,,,false,,true,true,,,,,
2026-07-21T15:43:22.407126,9327030,1858.48,18.40293,140.7578,284.6387,,,false,,true,true,,,,,
2026-07-21T15:43:23.395975,9328030,1827.13,133.5606,110.1932,38.6913,,,false,,true,true,,,,,
2026-07-21T15:43:24.384330,9329030,1861.32,18.5228,92.45284,216.629,,,false,,true,true,,,,,
2026-07-21T15:43:25.405642,9330030,1861.9,16.00896,124.9172,150.0298,,,false,,true,true,,,,,
2026-07-21T15:43:26.396355,9331030,1869.7,63.95689,124.552,195.0754,,,false,,true,true,,,,,
2026-07-21T15:43:27.446678,9332030,1859.64,18.25307,109.7411,266.9762,,,false,,true,true,,,,,
2026-07-21T15:43:28.407231,9333030,1857.61,237.147,126.8104,94.2141,,,false,,true,true,,,,,
2026-07-21T15:43:29.396917,9334030,1861.07,16.0352,137.7832,242.0579,,,false,,true,true,,,,,
2026-07-21T15:43:30.384290,9335030,1863.36,15.72735,75.35564,67.81387,,,false,,true,true,,,,,
2026-07-21T15:43:31.408699,9336030,1822.86,125.0678,107.5658,155.304,,,false,,true,true,,,,,
2026-07-21T15:43:32.395362,9337030,1857.96,15.25733,139.0716,244.5598,,,false,,true,true,,,,,
2026-07-21T15:43:33.384378,9338030,1873.06,21.65782,142.8591,102.235,,,false,,true,true,,,,,
2026-07-21T15:43:34.436555,9339030,1858.2,52.54268,144.7184,226.3726,,,false,,true,true,,,,,
2026-07-21T15:43:35.425850,9340030,1857.45,20.13836,141.2482,147.2823,,,false,,true,true,,,,,
2026-07-21T15:43:36.384586,9341030,1848.8,130.8144,111.7616,45.61682,,,false,,true,true,,,,,
2026-07-21T15:43:37.405556,9342030,1856.79,14.91664,107.9727,216.7225,,,false,,true,true,,,,,
2026-07-21T15:43:38.395777,9343030,1859.69,15.68849,129.2925,168.621,,,false,,true,true,,,,,
2026-07-21T15:43:39.385013,9344030,1836.3,76.89275,132.5543,81.95543,,,false,,true,true,,,,,
2026-07-21T15:43:40.405626,9345030,1862.44,17.19663,83.54807,238.3396,,,false,,true,true,,,,,
2026-07-21T15:43:41.395871,9346030,1868.27,94.13495,98.71629,36.22078,,,false,,true,true,,,,,
2026-07-21T15:43:42.418834,9347030,1860.99,63.11323,102.8337,268.7829,,,false,,true,true,,,,,
2026-07-21T15:43:43.406066,9348030,1856.21,18.3027,138.9873,49.53092,,,false,,true,true,,,,,
2026-07-21T15:43:44.395693,9349030,1861.38,95.0388,159.7661,195.2846,,,false,,true,true,,,,,
2026-07-21T15:43:45.384932,9350030,1860.85,19.43856,149.2725,240.952,,,false,,true,true,,,,,
2026-07-21T15:43:46.405470,9351030,1868.16,14.16224,90.72258,48.41622,,,false,,true,true,,,,,
2026-07-21T15:43:47.396030,9352030,1822.68,49.98528,91.78535,153.2497,,,false,,true,true,,,,,
2026-07-21T15:43:48.384219,9353030,1861.35,15.81021,86.6274,240.6876,,,false,,true,true,,,,,
2026-07-21T15:43:49.406163,9354030,1867.45,88.99052,72.31706,37.6083,,,false,,true,true,,,,,
2026-07-21T15:43:50.394910,9355030,1862.7,18.64496,76.4448,211.4535,,,false,,true,true,,,,,
2026-07-21T15:43:51.384882,9356030,1862.36,18.81557,127.4349,156.3041,,,false,,true,true,,,,,
2026-07-21T15:43:52.408380,9357030,1876.11,89.36217,126.8689,67.37824,,,false,,true,true,,,,,
2026-07-21T15:43:53.396217,9358030,1862.46,18.64445,80.2706,240.897,,,false,,true,true,,,,,
2026-07-21T15:43:54.384782,9359030,1850.25,41.62952,108.8673,140.3148,,,false,,true,true,,,,,
2026-07-21T15:43:55.405874,9360030,1867.85,82.02803,106.4103,244.359,,,false,,true,true,,,,,
2026-07-21T15:43:56.395237,9361030,1860.44,16.97927,77.20247,132.2539,,,false,,true,true,,,,,
2026-07-21T15:43:57.384802,9362030,1877.17,164.5422,66.21793,66.23881,,,false,,true,true,,,,,
2026-07-21T15:43:58.406455,9363030,1861.7,16.82431,75.05801,235.1027,,,false,,true,true,,,,,
2026-07-21T15:43:59.395332,9364030,1864.11,17.90281,85.7453,67.27558,,,false,,true,true,,,,,
2026-07-21T15:44:00.384626,9365030,1871.8,68.09486,84.54241,100.5377,,,false,,true,true,,,,,
2026-07-21T15:44:01.405434,9366030,1860.02,16.71591,78.72479,208.3576,,,false,,true,true,,,,,
2026-07-21T15:44:02.395207,9367030,1860.78,118.579,89.13049,28.14725,,,false,,true,true,,,,,
2026-07-21T15:44:03.384501,9368030,1859.36,18.39671,93.92761,217.5728,,,false,,true,true,,,,,
2026-07-21T15:44:04.405952,9369030,1855.74,17.74218,101.6961,65.9031,,,false,,true,true,,,,,
2026-07-21T15:44:05.395858,9370030,1877.24,132.8243,137.6718,225.8157,,,false,,true,true,,,,,
2026-07-21T15:44:06.384448,9371030,1856.89,18.37226,176.1399,207.8798,,,false,,true,true,,,,,
2026-07-21T15:44:07.405331,9372030,1866.66,21.50323,175.0472,130.2288,,,false,,true,true,,,,,
2026-07-21T15:44:08.395084,9373030,1848.86,56.91786,174.9769,240.8174,,,false,,true,true,,,,,
2026-07-21T15:44:09.387638,9374030,1859.65,18.23405,81.89139,185.828,,,false,,true,true,,,,,
2026-07-21T15:44:10.406344,9375030,1882.7,121.6681,103.0099,34.47083,,,false,,true,true,,,,,
2026-07-21T15:44:11.395294,9376030,1861.36,18.52346,100.4455,229.8123,,,false,,true,true,,,,,
2026-07-21T15:44:12.384070,9377030,1864.97,15.21346,98.77258,29.34843,,,false,,true,true,,,,,
2026-07-21T15:44:13.405805,9378030,1889.28,56.76366,100.8838,56.6871,,,false,,true,true,,,,,
2026-07-21T15:44:14.395164,9379030,1857.89,17.50834,82.78708,237.0977,,,false,,true,true,,,,,
2026-07-21T15:44:15.385978,9380030,1841.38,41.37026,80.98389,34.37626,,,false,,true,true,,,,,
2026-07-21T15:44:16.405401,9381030,1859.79,35.33988,80.49916,216.4442,,,false,,true,true,,,,,
2026-07-21T15:44:17.395035,9382030,1858.98,17.77468,61.3517,76.68114,,,false,,true,true,,,,,
2026-07-21T15:44:18.385026,9383030,1878.03,94.95541,70.47337,37.15045,,,false,,true,true,,,,,
2026-07-21T15:44:19.405609,9384030,1856.71,22.31781,71.44321,240.9549,,,false,,true,true,,,,,
2026-07-21T15:44:20.395126,9385030,1867.76,20.08311,91.51749,38.55427,,,false,,true,true,,,,,
2026-07-21T15:44:21.385129,9386030,1872.42,153.6824,92.94815,176.5061,,,false,,true,true,,,,,
2026-07-21T15:44:22.406709,9387030,1862.62,16.23284,84.57319,208.8414,,,false,,true,true,,,,,
2026-07-21T15:44:23.395030,9388030,1855.7,60.72958,120.4878,28.31039,,,false,,true,true,,,,,
2026-07-21T15:44:24.384647,9389030,1863.66,23.13075,119.7196,238.1247,,,false,,true,true,,,,,
2026-07-21T15:44:25.406518,9390030,1857.48,19.02901,199.0338,80.81267,,,false,,true,true,,,,,
2026-07-21T15:44:26.395662,9391030,1900.72,140.0215,183.7236,36.90041,,,false,,true,true,,,,,
2026-07-21T15:44:27.385907,9392030,1859.08,22.42145,85.81255,240.9974,,,false,,true,true,,,,,
2026-07-21T15:44:28.406070,9393030,1850.77,28.60254,67.81927,40.44882,,,false,,true,true,,,,,
2026-07-21T15:44:29.395551,9394030,1848.49,58.57079,68.49155,231.0548,,,false,,true,true,,,,,
2026-07-21T15:44:30.384873,9395030,1858.91,18.89287,83.51993,142.0587,,,false,,true,true,,,,,
2026-07-21T15:44:31.408034,9396030,1855.14,247.5443,71.96239,43.08818,,,false,,true,true,,,,,
2026-07-21T15:44:32.395058,9397030,1858.58,19.09667,93.46669,187.4734,,,false,,true,true,,,,,
2026-07-21T15:44:33.384548,9398030,1860.11,20.28228,90.18934,39.52539,,,false,,true,true,,,,,
2026-07-21T15:44:34.405763,9399030,1902.97,65.21539,88.34089,122.1398,,,false,,true,true,,,,,
2026-07-21T15:44:35.395133,9400030,1861.51,18.718,115.3052,239.2838,,,false,,true,true,,,,,
2026-07-21T15:44:36.384758,9401030,1808.3,105.2636,100.0913,37.44148,,,false,,true,true,,,,,
2026-07-21T15:44:37.436554,9402030,1856.88,16.50798,97.44781,242.5701,,,false,,true,true,,,,,
2026-07-21T15:44:38.395066,9403030,1865.26,20.74016,96.04241,73.94878,,,false,,true,true,,,,,
2026-07-21T15:44:39.384708,9404030,1871.17,64.26914,90.18212,35.41153,,,false,,true,true,,,,,
2026-07-21T15:44:40.408410,9405030,1861.41,22.75944,111.2823,240.0717,,,false,,true,true,,,,,
2026-07-21T15:44:41.395042,9406030,1870.61,22.03382,122.5644,29.62892,,,false,,true,true,,,,,
2026-07-21T15:44:42.384864,9407030,1870.03,75.92796,131.2722,139.6348,,,false,,true,true,,,,,
2026-07-21T15:44:43.407114,9408030,1865.06,18.791,129.8796,196.9064,,,false,,true,true,,,,,
2026-07-21T15:44:44.395674,9409030,1815.73,100.2666,93.25461,55.231,,,false,,true,true,,,,,
2026-07-21T15:44:45.384286,9410030,1866.54,21.53853,97.11652,237.8438,,,false,,true,true,,,,,
2026-07-21T15:44:46.405633,9411030,1861.66,18.05919,124.7508,39.28847,,,false,,true,true,,,,,
2026-07-21T15:44:47.395454,9412030,1869.96,88.79942,116.2822,30.20529,,,false,,true,true,,,,,
2026-07-21T15:44:48.384399,9413030,1860.61,22.43823,112.0974,238.4232,,,false,,true,true,,,,,
2026-07-21T15:44:49.405987,9414030,1850.19,58.53883,114.0248,34.80215,,,false,,true,true,,,,,
2026-07-21T15:44:50.395576,9415030,1859.63,35.44335,114.0025,240.9711,,,false,,true,true,,,,,
2026-07-21T15:44:51.387461,9416030,1859.75,20.5305,119.9911,55.86392,,,false,,true,true,,,,,
2026-07-21T15:44:52.406038,9417030,1809.46,64.87514,120.4581,37.85868,,,false,,true,true,,,,,
2026-07-21T15:44:53.395272,9418030,1859.08,17.21377,97.95415,206.0198,,,false,,true,true,,,,,
2026-07-21T15:44:54.384258,9419030,1863.62,22.46954,103.5644,66.23985,,,false,,true,true,,,,,
2026-07-21T15:44:55.408149,9420030,1871.84,96.02967,108.9825,146.8141,,,false,,true,true,,,,,
2026-07-21T15:44:56.395116,9421030,1861.48,22.76746,197.0237,178.3447,,,false,,true,true,,,,,
2026-07-21T15:44:57.384626,9422030,1844.84,96.65283,119.6441,35.72221,,,false,,true,true,,,,,
2026-07-21T15:44:58.406153,9423030,1857.71,19.97897,108.3413,227.49,,,false,,true,true,,,,,
2026-07-21T15:44:59.425338,9424030,1856.36,23.03339,112.7058,45.24363,,,false,,true,true,,,,,
2026-07-21T15:45:00.384326,9425030,1802.71,170.878,110.4473,45.24208,,,false,,true,true,,,,,
2026-07-21T15:45:01.405092,9426030,1857.55,18.82101,113.933,217.3144,,,false,,true,true,,,,,
2026-07-21T15:45:02.395282,9427030,1875.11,37.21401,120.6321,42.38651,,,false,,true,true,,,,,
2026-07-21T15:45:03.384541,9428030,1862.15,66.4425,118.8214,227.8409,,,false,,true,true,,,,,
2026-07-21T15:45:04.404430,9429030,1856.9,19.86597,84.76479,100.0578,,,false,,true,true,,,,,
2026-07-21T15:45:05.395668,9430030,1865.92,87.56985,115.9183,35.97901,,,false,,true,true,,,,,
2026-07-21T15:45:06.384069,9431030,1862.9,19.68163,109.7819,185.1034,,,false,,true,true,,,,,
2026-07-21T15:45:07.405588,9432030,1859.33,19.15269,103.5064,47.43353,,,false,,true,true,,,,,
2026-07-21T15:45:08.395413,9433030,1816.77,297.4906,143.8995,92.14848,,,false,,true,true,,,,,
2026-07-21T15:45:09.387237,9434030,1860.77,19.87925,217.3132,239.636,,,false,,true,true,,,,,
2026-07-21T15:45:10.406006,9435030,1858.23,170.4384,133.1578,29.90847,,,false,,true,true,,,,,
2026-07-21T15:45:11.395395,9436030,1861.19,19.77676,118.0001,239.7399,,,false,,true,true,,,,,
2026-07-21T15:45:12.383855,9437030,1858.68,21.62273,104.7462,41.68593,,,false,,true,true,,,,,
2026-07-21T15:45:13.405870,9438030,1857.7,172.4341,89.34179,42.59604,,,false,,true,true,,,,,
2026-07-21T15:45:14.395074,9439030,1864.54,16.92834,115.9313,240.139,,,false,,true,true,,,,,
2026-07-21T15:45:15.384161,9440030,1865.88,21.52098,95.91449,34.55111,,,false,,true,true,,,,,
2026-07-21T15:45:16.405048,9441030,1863.26,70.51564,114.2493,89.20871,,,false,,true,true,,,,,
2026-07-21T15:45:17.395400,9442030,1859.92,18.52309,107.5982,203.2976,,,false,,true,true,,,,,
2026-07-21T15:45:18.384270,9443030,1874.47,120.3287,103.783,36.72333,,,false,,true,true,,,,,
2026-07-21T15:45:19.404839,9444030,1865.02,17.38913,96.16939,236.5748,,,false,,true,true,,,,,
2026-07-21T15:45:20.395055,9445030,1856.05,22.36234,152.6206,131.9643,,,false,,true,true,,,,,
2026-07-21T15:45:21.384287,9446030,1836.72,90.95596,149.2641,92.42468,,,false,,true,true,,,,,
2026-07-21T15:45:22.404452,9447030,1859.41,20.50147,100.7019,240.955,,,false,,true,true,,,,,
2026-07-21T15:45:23.395682,9448030,1855.6,68.15995,90.45138,50.25455,,,false,,true,true,,,,,
2026-07-21T15:45:24.384534,9449030,1858.55,38.68501,92.73431,244.0076,,,false,,true,true,,,,,
2026-07-21T15:45:25.404930,9450030,1858.77,24.35724,104.7991,55.50125,,,false,,true,true,,,,,
2026-07-21T15:45:26.395396,9451030,1873.45,184.6423,109.153,29.61751,,,false,,true,true,,,,,
2026-07-21T15:45:27.383653,9452030,1864.85,18.87386,115.6199,239.5809,,,false,,true,true,,,,,
2026-07-21T15:45:28.405669,9453030,1861.37,21.03398,148.4931,163.5209,,,false,,true,true,,,,,
2026-07-21T15:45:29.395172,9454030,1873.29,171.2282,148.9953,164.3228,,,false,,true,true,,,,,
2026-07-21T15:45:30.386919,9455030,1861.39,18.26817,86.82504,240.7677,,,false,,true,true,,,,,
2026-07-21T15:45:31.405853,9456030,1863.32,122.9501,110.4952,30.15377,,,false,,true,true,,,,,
2026-07-21T15:45:32.394755,9457030,1861.94,17.65334,113.0204,232.6341,,,false,,true,true,,,,,
2026-07-21T15:45:33.383930,9458030,1859.08,18.88192,123.6687,34.73973,,,false,,true,true,,,,,
2026-07-21T15:45:34.406561,9459030,1889.55,127.6284,130.7023,29.39244,,,false,,true,true,,,,,
2026-07-21T15:45:35.394913,9460030,1858.71,21.6262,99.72395,237.7244,,,false,,true,true,,,,,
2026-07-21T15:45:36.385037,9461030,1873.49,22.42817,101.9756,37.20948,,,false,,true,true,,,,,
2026-07-21T15:45:37.406117,9462030,1855.5,57.12463,101.4213,238.3011,,,false,,true,true,,,,,
2026-07-21T15:45:38.424297,9463030,1860.75,16.08234,118.044,189.9778,,,false,,true,true,,,,,
2026-07-21T15:45:39.384564,9464030,1823.13,68.37698,99.18501,34.38628,,,false,,true,true,,,,,
2026-07-21T15:45:40.405438,9465030,1863.2,21.62299,103.6762,238.5136,,,false,,true,true,,,,,
2026-07-21T15:45:41.395196,9466030,1864.27,17.98967,104.2109,29.7892,,,false,,true,true,,,,,
2026-07-21T15:45:42.386877,9467030,1855.62,77.57717,85.89989,81.43777,,,false,,true,true,,,,,
2026-07-21T15:45:43.405534,9468030,1859.42,19.39615,113.0231,240.8729,,,false,,true,true,,,,,
2026-07-21T15:45:44.395333,9469030,1836.29,261.6655,88.17507,50.83794,,,false,,true,true,,,,,
2026-07-21T15:45:45.384549,9470030,1861.79,48.93425,116.724,216.463,,,false,,true,true,,,,,
2026-07-21T15:45:46.404665,9471030,1862.43,22.02974,108.1663,40.12776,,,false,,true,true,,,,,
2026-07-21T15:45:47.395559,9472030,1814.9,164.1262,112.5,28.00573,,,false,,true,true,,,,,
2026-07-21T15:45:48.386556,9473030,1865.11,19.3377,121.5977,239.3591,,,false,,true,true,,,,,
2026-07-21T15:45:49.405270,9474030,1882.49,22.26217,131.5268,28.91344,,,false,,true,true,,,,,
2026-07-21T15:45:50.395254,9475030,1851.19,63.70315,130.8628,198.3628,,,false,,true,true,,,,,
2026-07-21T15:45:51.384031,9476030,1862.16,21.90568,75.98856,238.2609,,,false,,true,true,,,,,
2026-07-21T15:45:52.405731,9477030,1830.26,192.2764,96.91029,46.75981,,,false,,true,true,,,,,
2026-07-21T15:45:53.395198,9478030,1860.5,21.70489,106.5194,211.1266,,,false,,true,true,,,,,
2026-07-21T15:45:54.386371,9479030,1863.79,16.64215,110.9216,35.80473,,,false,,true,true,,,,,
2026-07-21T15:45:55.405174,9480030,1822.57,236.0084,115.3134,68.28861,,,false,,true,true,,,,,
2026-07-21T15:45:56.397154,9481030,1864.49,17.27611,100.155,239.6712,,,false,,true,true,,,,,
2026-07-21T15:45:57.384640,9482030,1879.26,33.04305,112.2323,28.08156,,,false,,true,true,,,,,
2026-07-21T15:45:58.407950,9483030,1862.3,61.88625,111.7736,237.9566,,,false,,true,true,,,,,
2026-07-21T15:45:59.395903,9484030,1859.81,17.31892,95.58002,39.53147,,,false,,true,true,,,,,
2026-07-21T15:46:00.386943,9485030,1853.55,201.1476,95.44681,83.06376,,,false,,true,true,,,,,
2026-07-21T15:46:01.404853,9486030,1860.28,21.08477,97.42256,231.1378,,,false,,true,true,,,,,
2026-07-21T15:46:02.394744,9487030,1864.79,16.44752,98.92143,44.70562,,,false,,true,true,,,,,
2026-07-21T15:46:03.386078,9488030,1830.48,115.245,108.5028,92.85583,,,false,,true,true,,,,,
2026-07-21T15:46:04.405439,9489030,1855.94,15.82615,108.0091,239.9094,,,false,,true,true,,,,,
2026-07-21T15:46:05.395539,9490030,1893.79,116.0825,119.6476,36.06901,,,false,,true,true,,,,,
2026-07-21T15:46:06.384952,9491030,1862.73,16.94092,105.5314,239.4526,,,false,,true,true,,,,,
2026-07-21T15:46:07.405088,9492030,1860.5,19.03459,101.8688,36.75191,,,false,,true,true,,,,,
2026-07-21T15:46:08.395219,9493030,1876.85,135.829,103.323,37.20643,,,false,,true,true,,,,,
2026-07-21T15:46:09.386299,9494030,1860.12,23.49349,93.92291,239.1918,,,false,,true,true,,,,,
2026-07-21T15:46:10.405467,9495030,1853.83,28.1183,113.5842,42.0863,,,false,,true,true,,,,,
2026-07-21T15:46:11.395619,9496030,1862.57,213.4065,136.24,137.3911,,,false,,true,true,,,,,
2026-07-21T15:46:12.383519,9497030,1859.27,15.67699,138.1414,236.884,,,false,,true,true,,,,,
2026-07-21T15:46:13.406400,9498030,1892.97,145.8176,95.84022,65.46226,,,false,,true,true,,,,,
2026-07-21T15:46:14.394840,9499030,1859.57,16.07075,112.3345,238.1897,,,false,,true,true,,,,,
2026-07-21T15:46:15.386974,9500030,1857.57,16.66383,74.09659,47.588,,,false,,true,true,,,,,
2026-07-21T15:46:16.405298,9501030,1898.55,63.77702,72.66402,93.23112,,,false,,true,true,,,,,
2026-07-21T15:46:17.394967,9502030,1860.98,15.05848,85.63843,251.3315,,,false,,true,true,,,,,
2026-07-21T15:46:18.386716,9503030,1861.21,65.97755,101.3968,28.1733,,,false,,true,true,,,,,
2026-07-21T15:46:19.435374,9504030,1859.6,13.53714,95.89307,244.0497,,,false,,true,true,,,,,
2026-07-21T15:46:20.394740,9505030,1864.02,19.06642,93.37816,53.70116,,,false,,true,true,,,,,
2026-07-21T15:46:21.384165,9506030,1888.36,62.21671,106.3318,30.23499,,,false,,true,true,,,,,
2026-07-21T15:46:22.404258,9507030,1858.64,19.40045,104.2865,239.2848,,,false,,true,true,,,,,
2026-07-21T15:46:23.394826,9508030,1867.18,17.6961,95.94099,38.14788,,,false,,true,true,,,,,
2026-07-21T15:46:24.386711,9509030,1897.12,81.43747,109.8914,141.5182,,,false,,true,true,,,,,
2026-07-21T15:46:25.435145,9510030,1861.45,16.53419,122.2407,234.8219,,,false,,true,true,,,,,
2026-07-21T15:46:26.395021,9511030,1844.44,60.34338,92.44091,37.71972,,,false,,true,true,,,,,
2026-07-21T15:46:27.415159,9512030,1861.48,16.14608,94.05885,200.6601,,,false,,true,true,,,,,
2026-07-21T15:46:28.405689,9513030,1859.97,16.45134,101.3473,36.48808,,,false,,true,true,,,,,
2026-07-21T15:46:29.394928,9514030,1877.18,66.1471,87.12416,65.84669,,,false,,true,true,,,,,
2026-07-21T15:46:30.386176,9515030,1863.65,19.05302,76.65833,252.6369,,,false,,true,true,,,,,
2026-07-21T15:46:31.405888,9516030,1854.94,28.36012,87.71573,39.3555,,,false,,true,true,,,,,
2026-07-21T15:46:32.395046,9517030,1864.78,90.01354,87.56369,237.1039,,,false,,true,true,,,,,
2026-07-21T15:46:33.383965,9518030,1859.59,15.71518,138.4191,38.06736,,,false,,true,true,,,,,
2026-07-21T15:46:34.405902,9519030,1814.63,260.6983,120.69,92.78273,,,false,,true,true,,,,,
2026-07-21T15:46:35.394846,9520030,1862.54,16.21604,113.1497,265.9009,,,false,,true,true,,,,,
2026-07-21T15:46:36.386303,9521030,1863.36,13.81302,112.8933,29.91542,,,false,,true,true,,,,,
2026-07-21T15:46:37.405496,9522030,1849.19,96.74794,112.0005,79.76161,,,false,,true,true,,,,,
2026-07-21T15:46:38.425354,9523030,1861.16,15.7606,110.0088,237.5737,,,false,,true,true,,,,,
2026-07-21T15:46:39.384168,9524030,1827.89,240.4489,104.8436,66.32897,,,false,,true,true,,,,,
2026-07-21T15:46:40.405493,9525030,1859.36,16.04337,121.777,241.0515,,,false,,true,true,,,,,
2026-07-21T15:46:41.394971,9526030,1858.89,15.31541,109.1004,38.3322,,,false,,true,true,,,,,
2026-07-21T15:46:42.387001,9527030,1814.91,105.0022,102.5495,66.97167,,,false,,true,true,,,,,
2026-07-21T15:46:43.405207,9528030,1862.25,18.88597,92.82578,240.5168,,,false,,true,true,,,,,
2026-07-21T15:46:44.394649,9529030,1869.48,19.98131,96.63678,29.75199,,,false,,true,true,,,,,
2026-07-21T15:46:45.386535,9530030,1844.75,80.69793,95.91238,238.8553,,,false,,true,true,,,,,
2026-07-21T15:46:46.404253,9531030,1858.79,17.03538,99.30192,240.1474,,,false,,true,true,,,,,
2026-07-21T15:46:47.395307,9532030,1842.58,101.5762,97.19897,65.44798,,,false,,true,true,,,,,
2026-07-21T15:46:48.385744,9533030,1863.98,20.85963,100.4251,240.9302,,,false,,true,true,,,,,
2026-07-21T15:46:49.404774,9534030,1860.29,17.67939,90.40228,36.54465,,,false,,true,true,,,,,
2026-07-21T15:46:50.394933,9535030,1830.33,60.08913,99.21249,37.53619,,,false,,true,true,,,,,
2026-07-21T15:46:51.383681,9536030,1862.2,18.94566,107.4913,239.5849,,,false,,true,true,,,,,
2026-07-21T15:46:52.405880,9537030,1863.67,45.06574,94.36309,29.93352,,,false,,true,true,,,,,
2026-07-21T15:46:53.395016,9538030,1861.09,36.17778,87.17814,243.2445,,,false,,true,true,,,,,
2026-07-21T15:46:54.383477,9539030,1859.9,17.92795,95.75065,85.05041,,,false,,true,true,,,,,
2026-07-21T15:46:55.406654,9540030,1877.91,94.14117,97.49368,29.66387,,,false,,true,true,,,,,
2026-07-21T15:46:56.396584,9541030,1859.97,19.63496,95.81028,220.2604,,,false,,true,true,,,,,
2026-07-21T15:46:57.383723,9542030,1865.33,20.31935,107.2301,37.68365,,,false,,true,true,,,,,
2026-07-21T15:46:58.405405,9543030,1852.67,50.45228,95.75184,113.2186,,,false,,true,true,,,,,
2026-07-21T15:46:59.394818,9544030,1862.62,17.75567,87.10008,240.1472,,,false,,true,true,,,,,
2026-07-21T15:47:00.386452,9545030,1877.2,90.41223,101.239,46.14013,,,false,,true,true,,,,,
2026-07-21T15:47:01.405198,9546030,1861.36,19.96423,112.4197,238.0612,,,false,,true,true,,,,,
2026-07-21T15:47:02.396581,9547030,1861.35,19.62108,69.4027,38.01282,,,false,,true,true,,,,,
2026-07-21T15:47:03.383777,9548030,1901.53,85.62271,86.5185,66.4864,,,false,,true,true,,,,,
2026-07-21T15:47:04.404136,9549030,1862.46,16.65907,88.83307,227.9159,,,false,,true,true,,,,,
2026-07-21T15:47:05.394591,9550030,1859.61,39.96708,111.8471,30.07166,,,false,,true,true,,,,,
2026-07-21T15:47:06.384375,9551030,1868.3,84.42555,111.8624,240.975,,,false,,true,true,,,,,
2026-07-21T15:47:07.404865,9552030,1861.25,17.53641,93.29568,145.1588,,,false,,true,true,,,,,
2026-07-21T15:47:08.394826,9553030,1870.21,109.5089,105.9448,48.03909,,,false,,true,true,,,,,
2026-07-21T15:47:09.385984,9554030,1862.14,21.55063,96.63452,236.3561,,,false,,true,true,,,,,
2026-07-21T15:47:10.406192,9555030,1858.54,18.00351,71.60883,34.90201,,,false,,true,true,,,,,
2026-07-21T15:47:11.394828,9556030,1901.47,107.2454,63.09068,137.1629,,,false,,true,true,,,,,
2026-07-21T15:47:12.385882,9557030,1860.91,21.11025,90.45228,221.4414,,,false,,true,true,,,,,
2026-07-21T15:47:13.405868,9558030,1847.45,102.3016,111.6243,37.19154,,,false,,true,true,,,,,
2026-07-21T15:47:14.394869,9559030,1862.76,16.52125,95.50294,228.6445,,,false,,true,true,,,,,
2026-07-21T15:47:15.384043,9560030,1859.23,22.58125,92.69965,36.27456,,,false,,true,true,,,,,
2026-07-21T15:47:16.405483,9561030,1850.47,137.6094,74.02104,67.03724,,,false,,true,true,,,,,
2026-07-21T15:47:17.394751,9562030,1861.54,17.54965,90.2088,239.8913,,,false,,true,true,,,,,
2026-07-21T15:47:18.385987,9563030,1854.99,17.67443,90.31728,42.01582,,,false,,true,true,,,,,
2026-07-21T15:47:19.405730,9564030,1863.16,128.6081,90.26488,235.0685,,,false,,true,true,,,,,
2026-07-21T15:47:20.394800,9565030,1858.49,15.03278,111.0433,226.596,,,false,,true,true,,,,,
2026-07-21T15:47:21.385092,9566030,1833.93,312.6247,80.21365,42.31652,,,false,,true,true,,,,,
2026-07-21T15:47:22.404,9567030,1860.79,15.86627,107.0865,238.2193,,,false,,true,true,,,,,
2026-07-21T15:47:23.394750,9568030,1863,16.54435,94.53889,48.66196,,,false,,true,true,,,,,
2026-07-21T15:47:24.385010,9569030,1846.86,76.06406,93.8963,66.09641,,,false,,true,true,,,,,
2026-07-21T15:47:25.403654,9570030,1862.41,19.21663,91.91171,242.8842,,,false,,true,true,,,,,
2026-07-21T15:47:26.395379,9571030,1854.24,37.10567,112.6649,30.24668,,,false,,true,true,,,,,
2026-07-21T15:47:27.383962,9572030,1858.88,52.53163,111.3982,213.96,,,false,,true,true,,,,,
2026-07-21T15:47:28.403774,9573030,1861.03,21.7697,89.13071,40.93487,,,false,,true,true,,,,,
2026-07-21T15:47:29.394395,9574030,1890.55,105.8576,105.9121,40.54302,,,false,,true,true,,,,,
2026-07-21T15:47:30.383235,9575030,1861.53,18.07821,106.6082,239.2857,,,false,,true,true,,,,,
2026-07-21T15:47:31.404411,9576030,1864.27,21.58813,100.809,53.26846,,,false,,true,true,,,,,
2026-07-21T15:47:32.394755,9577030,1853.2,114.4173,95.57077,131.5397,,,false,,true,true,,,,,
2026-07-21T15:47:33.383446,9578030,1861.25,13.59273,88.22586,216.6606,,,false,,true,true,,,,,
2026-07-21T15:47:34.405228,9579030,1876.65,56.14399,86.70665,35.65506,,,false,,true,true,,,,,
2026-07-21T15:47:35.394714,9580030,1859.47,15.81051,88.0015,239.2975,,,false,,true,true,,,,,
2026-07-21T15:47:36.383512,9581030,1860.92,16.5059,86.75564,37.0493,,,false,,true,true,,,,,
2026-07-21T15:47:37.405809,9582030,1877.09,97.67863,115.7179,41.9404,,,false,,true,true,,,,,
2026-07-21T15:47:38.395973,9583030,1862.25,19.06748,118.5589,239.9126,,,false,,true,true,,,,,
2026-07-21T15:47:39.383684,9584030,1879.91,28.78082,92.86761,45.97444,,,false,,true,true,,,,,
2026-07-21T15:47:40.405464,9585030,1860.21,94.8259,92.90234,235.0236,,,false,,true,true,,,,,
2026-07-21T15:47:41.394781,9586030,1861.34,17.29916,84.09288,144.2107,,,false,,true,true,,,,,
2026-07-21T15:47:42.384844,9587030,1890.62,71.68387,90.16087,35.42027,,,false,,true,true,,,,,
2026-07-21T15:47:43.404929,9588030,1863.9,15.46495,94.50764,245.2513,,,false,,true,true,,,,,
2026-07-21T15:47:44.394780,9589030,1863.1,17.39936,94.86385,29.56339,,,false,,true,true,,,,,
2026-07-21T15:47:45.383980,9590030,1858.79,203.1898,95.8679,28.97175,,,false,,true,true,,,,,
2026-07-21T15:47:46.403587,9591030,1857.75,16.99827,108.3786,228.7392,,,false,,true,true,,,,,
2026-07-21T15:47:47.394677,9592030,1854.11,60.00903,81.21642,34.22351,,,false,,true,true,,,,,
2026-07-21T15:47:48.383543,9593030,1859.86,18.25044,80.7299,239.355,,,false,,true,true,,,,,
2026-07-21T15:47:49.404272,9594030,1858.47,15.92124,106.2064,35.19647,,,false,,true,true,,,,,
2026-07-21T15:47:50.394775,9595030,1862.39,78.55174,105.3864,48.50609,,,false,,true,true,,,,,
2026-07-21T15:47:51.383666,9596030,1862.23,17.27815,91.3654,238.316,,,false,,true,true,,,,,
2026-07-21T15:47:52.404636,9597030,1874.85,17.68526,86.47381,37.0229,,,false,,true,true,,,,,
2026-07-21T15:47:53.394619,9598030,1847.23,87.30648,86.98443,197.6735,,,false,,true,true,,,,,
2026-07-21T15:47:54.383175,9599030,1864.01,17.60054,86.9243,187.4818,,,false,,true,true,,,,,
2026-07-21T15:47:55.404400,9600030,1833.66,67.57485,97.40931,36.40063,,,false,,true,true,,,,,
2026-07-21T15:47:56.394742,9601030,1862.01,17.12602,93.96279,248.1389,,,false,,true,true,,,,,
2026-07-21T15:47:57.383163,9602030,1856.76,16.77347,80.80219,36.10534,,,false,,true,true,,,,,
2026-07-21T15:47:58.405017,9603030,1843.57,101.4195,79.28594,40.24943,,,false,,true,true,,,,,
2026-07-21T15:47:59.394762,9604030,1857.02,18.17108,110.4963,206.1759,,,false,,true,true,,,,,
2026-07-21T15:48:00.383972,9605030,1878.77,34.58811,96.05289,35.66961,,,false,,true,true,,,,,
2026-07-21T15:48:01.405513,9606030,1859.65,89.2392,95.4306,244.9525,,,false,,true,true,,,,,
2026-07-21T15:48:02.394573,9607030,1862.55,12.45316,77.60706,150.7596,,,false,,true,true,,,,,
2026-07-21T15:48:03.386925,9608030,1842.58,99.70812,86.84189,28.25197,,,false,,true,true,,,,,
2026-07-21T15:48:04.404399,9609030,1862.98,15.41138,98.13077,241.5831,,,false,,true,true,,,,,
2026-07-21T15:48:05.395911,9610030,1863.45,17.80979,102.7879,28.83186,,,false,,true,true,,,,,
2026-07-21T15:48:06.387851,9611030,1804.45,85.151,96.34026,29.59865,,,false,,true,true,,,,,
2026-07-21T15:48:07.403909,9612030,1861.95,12.37123,88.80016,176.4279,,,false,,true,true,,,,,
2026-07-21T15:48:08.396311,9613030,1857.72,174.6147,82.76933,66.23418,,,false,,true,true,,,,,
2026-07-21T15:48:09.383320,9614030,1860.5,14.92659,92.52458,237.5929,,,false,,true,true,,,,,
2026-07-21T15:48:10.405043,9615030,1862.19,14.66096,76.66816,34.86221,,,false,,true,true,,,,,
2026-07-21T15:48:11.394613,9616030,1846.82,62.36588,87.37017,44.77122,,,false,,true,true,,,,,
2026-07-21T15:48:12.386551,9617030,1863.33,19.12993,82.40711,219.7914,,,false,,true,true,,,,,
2026-07-21T15:48:13.403423,9618030,1853.4,17.27723,83.35334,30.14834,,,false,,true,true,,,,,
2026-07-21T15:48:14.395249,9619030,1848.3,103.0721,84.49957,227.9978,,,false,,true,true,,,,,
2026-07-21T15:48:15.383504,9620030,1861.46,16.54359,95.26096,175.8897,,,false,,true,true,,,,,
2026-07-21T15:48:16.404540,9621030,1875.78,84.56767,91.70086,38.35558,,,false,,true,true,,,,,
2026-07-21T15:48:17.394627,9622030,1861.11,14.49664,92.71427,239.506,,,false,,true,true,,,,,
2026-07-21T15:48:18.386784,9623030,1859.27,18.95861,107.7049,30.2513,,,false,,true,true,,,,,
2026-07-21T15:48:19.404821,9624030,1883.92,98.28011,118.2449,67.12431,,,false,,true,true,,,,,
2026-07-21T15:48:20.396504,9625030,1862.87,19.5114,108.62,240.9003,,,false,,true,true,,,,,
2026-07-21T15:48:21.383852,9626030,1858.96,54.96918,82.60716,30.02525,,,false,,true,true,,,,,
2026-07-21T15:48:22.408503,9627030,1863.36,13.68025,79.96286,233.2704,,,false,,true,true,,,,,
2026-07-21T15:48:23.393617,9628030,1860.99,20.24555,83.50813,51.37178,,,false,,true,true,,,,,
2026-07-21T15:48:24.415046,9629030,1856.01,119.0156,104.9883,43.39499,,,false,,true,true,,,,,
2026-07-21T15:48:25.404630,9630030,1860.33,17.37579,98.53407,240.1568,,,false,,true,true,,,,,
2026-07-21T15:48:26.392906,9631030,1865.37,18.03064,103.1467,35.9373,,,false,,true,true,,,,,
2026-07-21T15:48:27.386114,9632030,1845.88,116.4801,84.57664,201.0008,,,false,,true,true,,,,,
2026-07-21T15:48:28.404912,9633030,1860.09,16.61913,97.8724,155.493,,,false,,true,true,,,,,
2026-07-21T15:48:29.394704,9634030,1822.42,190.3744,117.1407,40.09218,,,false,,true,true,,,,,
2026-07-21T15:48:30.382229,9635030,1858.28,16.90482,119.2786,240.9168,,,false,,true,true,,,,,
2026-07-21T15:48:31.402997,9636030,1860.67,16.08014,71.41992,35.98056,,,false,,true,true,,,,,
2026-07-21T15:48:32.392232,9637030,1883.95,70.37194,78.17435,65.71233,,,false,,true,true,,,,,
2026-07-21T15:48:33.382912,9638030,1858.02,18.25086,78.26104,241.359,,,false,,true,true,,,,,
2026-07-21T15:48:34.401566,9639030,1880.49,34.44619,81.32372,41.32113,,,false,,true,true,,,,,
2026-07-21T15:48:35.390845,9640030,1889.98,61.03314,81.13329,239.8163,,,false,,true,true,,,,,
2026-07-21T15:48:36.378118,9641030,1861.96,15.88084,85.98284,102.0283,,,false,,true,true,,,,,
2026-07-21T15:48:37.399169,9642030,1864.37,100.6599,108.5696,40.90014,,,false,,true,true,,,,,
2026-07-21T15:48:38.388423,9643030,1858.83,17.1465,114.524,236.7519,,,false,,true,true,,,,,
2026-07-21T15:48:39.378716,9644030,1862.84,17.00939,101.3895,39.07526,,,false,,true,true,,,,,
2026-07-21T15:48:40.396661,9645030,1847.08,223.3142,86.88887,101.9859,,,false,,true,true,,,,,
2026-07-21T15:48:41.386111,9646030,1861.41,18.55512,113.7646,247.5995,,,false,,true,true,,,,,
2026-07-21T15:48:42.375921,9647030,1865.63,115.4259,118.8282,36.36984,,,false,,true,true,,,,,
2026-07-21T15:48:43.395328,9648030,1862.16,16.04042,112.7403,231.1523,,,false,,true,true,,,,,
2026-07-21T15:48:44.384797,9649030,1861.91,16.78462,92.81892,36.20929,,,false,,true,true,,,,,
2026-07-21T15:48:45.406208,9650030,1861.68,76.99811,93.00792,47.34586,,,false,,true,true,,,,,
2026-07-21T15:48:46.394795,9651030,1859.52,16.92616,79.7706,253.2462,,,false,,true,true,,,,,
2026-07-21T15:48:47.385609,9652030,1866.98,18.05742,84.69415,44.16821,,,false,,true,true,,,,,
2026-07-21T15:48:48.375385,9653030,1843.35,89.1292,84.15439,215.5331,,,false,,true,true,,,,,
2026-07-21T15:48:49.395260,9654030,1860.9,14.2737,89.19839,167.8377,,,false,,true,true,,,,,
2026-07-21T15:48:50.384857,9655030,1853.76,116.9177,89.65671,65.95045,,,false,,true,true,,,,,
2026-07-21T15:48:51.373087,9656030,1861.51,18.45646,85.9297,239.7986,,,false,,true,true,,,,,
2026-07-21T15:48:52.394328,9657030,1856.79,16.58173,70.21503,37.25079,,,false,,true,true,,,,,
2026-07-21T15:48:53.384218,9658030,1870.43,70.85768,75.07293,66.22858,,,false,,true,true,,,,,
2026-07-21T15:48:54.375556,9659030,1861.65,16.12188,90.37001,239.4994,,,false,,true,true,,,,,
2026-07-21T15:48:55.394358,9660030,1865.79,36.36052,87.46037,37.89944,,,false,,true,true,,,,,
2026-07-21T15:48:56.382684,9661030,1859.1,44.1995,87.44132,239.4929,,,false,,true,true,,,,,
2026-07-21T15:48:57.371929,9662030,1861.85,17.81128,62.74725,84.42007,,,false,,true,true,,,,,
2026-07-21T15:48:58.393890,9663030,1903.4,73.37572,89.12672,42.73264,,,false,,true,true,,,,,
2026-07-21T15:48:59.413085,9664030,1859.52,16.21998,92.81623,243.0045,,,false,,true,true,,,,,
2026-07-21T15:49:00.371598,9665030,1861.52,16.11958,60.80057,66.57143,,,false,,true,true,,,,,
2026-07-21T15:49:01.393551,9666030,1878.65,116.8153,74.30619,156.9113,,,false,,true,true,,,,,
2026-07-21T15:49:02.381388,9667030,1861.44,21.32652,97.1602,205.3046,,,false,,true,true,,,,,
2026-07-21T15:49:03.374816,9668030,1882.52,72.49824,86.44576,28.82535,,,false,,true,true,,,,,
2026-07-21T15:49:04.422214,9669030,1861.78,15.65164,83.14262,227.0935,,,false,,true,true,,,,,
2026-07-21T15:49:05.381386,9670030,1860.1,17.20688,67.9803,53.02673,,,false,,true,true,,,,,
2026-07-21T15:49:06.374519,9671030,1903.11,56.52422,70.90824,29.35493,,,false,,true,true,,,,,
2026-07-21T15:49:07.422008,9672030,1860.99,18.33721,73.75,212.4444,,,false,,true,true,,,,,
2026-07-21T15:49:08.382571,9673030,1883.81,28.42661,94.65697,35.69835,,,false,,true,true,,,,,
2026-07-21T15:49:09.372044,9674030,1871.98,97.74773,95.01948,184.8495,,,false,,true,true,,,,,
2026-07-21T15:49:10.391472,9675030,1864.8,14.89847,99.68342,149.8346,,,false,,true,true,,,,,
2026-07-21T15:49:11.382320,9676030,1865.09,109.7585,96.80491,36.0813,,,false,,true,true,,,,,
2026-07-21T15:49:12.371060,9677030,1860.51,21.5064,85.12173,281.5059,,,false,,true,true,,,,,
2026-07-21T15:49:13.392643,9678030,1859.03,15.39665,93.28756,46.34933,,,false,,true,true,,,,,
2026-07-21T15:49:14.382148,9679030,1869.58,128.1861,75.57074,100.0238,,,false,,true,true,,,,,
2026-07-21T15:49:15.370868,9680030,1865.43,13.10893,76.86423,238.1722,,,false,,true,true,,,,,
2026-07-21T15:49:16.391830,9681030,1852.64,53.19432,108.2397,43.04681,,,false,,true,true,,,,,
2026-07-21T15:49:17.381407,9682030,1857.49,20.17289,108.0586,265.849,,,false,,true,true,,,,,
2026-07-21T15:49:18.371876,9683030,1862.59,16.60609,87.55316,44.52448,,,false,,true,true,,,,,
2026-07-21T15:49:19.392277,9684030,1841.65,91.59683,81.5303,66.02723,,,false,,true,true,,,,,
2026-07-21T15:49:20.381931,9685030,1861.71,17.74668,90.3232,227.8368,,,false,,true,true,,,,,
2026-07-21T15:49:21.370494,9686030,1874.4,15.05857,83.87791,35.60543,,,false,,true,true,,,,,
2026-07-21T15:49:22.397184,9687030,1841.24,74.06269,94.63762,71.94609,,,false,,true,true,,,,,
2026-07-21T15:49:23.381801,9688030,1861.9,15.9833,113.0045,204.8621,,,false,,true,true,,,,,
2026-07-21T15:49:24.373506,9689030,1880.69,61.52048,103.3408,30.16459,,,false,,true,true,,,,,
2026-07-21T15:49:25.391522,9690030,1858.69,15.86131,103.8339,239.5118,,,false,,true,true,,,,,
2026-07-21T15:49:26.381701,9691030,1861.83,20.65598,86.22356,52.43573,,,false,,true,true,,,,,
2026-07-21T15:49:27.373817,9692030,1864.36,96.19002,90.2379,28.683,,,false,,true,true,,,,,
2026-07-21T15:49:28.390440,9693030,1861.99,16.43487,98.5284,216.9189,,,false,,true,true,,,,,
2026-07-21T15:49:29.381743,9694030,1880.49,47.24225,64.93307,47.6755,,,false,,true,true,,,,,
2026-07-21T15:49:30.370779,9695030,1861.37,42.33078,67.28413,252.4429,,,false,,true,true,,,,,
2026-07-21T15:49:31.392014,9696030,1858.68,17.80915,71.54127,49.25751,,,false,,true,true,,,,,
2026-07-21T15:49:32.381591,9697030,1855.18,157.0363,80.78857,54.17283,,,false,,true,true,,,,,
2026-07-21T15:49:33.370134,9698030,1862.08,17.74274,75.55784,216.499,,,false,,true,true,,,,,
2026-07-21T15:49:34.391317,9699030,1859.7,16.62074,107.8637,35.56604,,,false,,true,true,,,,,
2026-07-21T15:49:35.381489,9700030,1829.32,80.61919,98.55369,81.25188,,,false,,true,true,,,,,
2026-07-21T15:49:36.370957,9701030,1858.25,15.60737,90.87445,206.931,,,false,,true,true,,,,,
2026-07-21T15:49:37.391659,9702030,1842.75,56.52314,93.31138,38.41325,,,false,,true,true,,,,,
2026-07-21T15:49:38.381518,9703030,1862.17,18.44347,93.04195,213.578,,,false,,true,true,,,,,
2026-07-21T15:49:39.370186,9704030,1861.14,18.13734,100.8071,36.05426,,,false,,true,true,,,,,
2026-07-21T15:49:40.391816,9705030,1890.75,96.7952,93.4061,30.19849,,,false,,true,true,,,,,
2026-07-21T15:49:41.381425,9706030,1862.08,17.06147,85.24905,239.7333,,,false,,true,true,,,,,
2026-07-21T15:49:42.370124,9707030,1872.84,18.58921,90.20784,27.73483,,,false,,true,true,,,,,
2026-07-21T15:49:43.391595,9708030,1871.61,95.67164,99.06006,214.4419,,,false,,true,true,,,,,
2026-07-21T15:49:44.381429,9709030,1859.3,17.0381,95.43594,174.6162,,,false,,true,true,,,,,
2026-07-21T15:49:45.402068,9710030,1854.01,129.1924,95.28081,66.15522,,,false,,true,true,,,,,
2026-07-21T15:49:46.422119,9711030,1859.43,19.61056,96.06946,237.8447,,,false,,true,true,,,,,
2026-07-21T15:49:47.381388,9712030,1859.7,16.23756,93.93018,35.19728,,,false,,true,true,,,,,
2026-07-21T15:49:48.370241,9713030,1850.21,82.43506,87.79259,54.77656,,,false,,true,true,,,,,
2026-07-21T15:49:49.391731,9714030,1862.31,20.07911,59.80948,241.9713,,,false,,true,true,,,,,
2026-07-21T15:49:50.381390,9715030,1831.7,157.6786,89.90746,39.98364,,,false,,true,true,,,,,
2026-07-21T15:49:51.373422,9716030,1858.21,16.6709,99.341,240.7439,,,false,,true,true,,,,,
2026-07-21T15:49:52.421383,9717030,1857.02,16.48643,74.85674,57.45252,,,false,,true,true,,,,,
2026-07-21T15:49:53.381314,9718030,1859.85,67.63172,88.0081,35.15354,,,false,,true,true,,,,,
2026-07-21T15:49:54.373181,9719030,1860.86,15.92819,92.71203,241.0285,,,false,,true,true,,,,,
2026-07-21T15:49:55.421164,9720030,1869.15,15.43211,82.17607,49.00594,,,false,,true,true,,,,,
2026-07-21T15:49:56.381259,9721030,1860.87,162.9755,83.42101,202.8655,,,false,,true,true,,,,,
2026-07-21T15:49:57.369898,9722030,1865.03,13.40816,76.36632,183.7635,,,false,,true,true,,,,,
2026-07-21T15:49:58.392110,9723030,1848.04,71.33237,86.02015,37.37539,,,false,,true,true,,,,,
2026-07-21T15:49:59.381301,9724030,1862.74,16.59173,83.51186,241.157,,,false,,true,true,,,,,
2026-07-21T15:50:00.369832,9725030,1858.11,18.08714,84.48788,36.13999,,,false,,true,true,,,,,
2026-07-21T15:50:01.390815,9726030,1845.78,48.90558,86.31828,43.46949,,,false,,true,true,,,,,
2026-07-21T15:50:02.381272,9727030,1861.47,16.24399,78.16425,270.8661,,,false,,true,true,,,,,
2026-07-21T15:50:03.370169,9728030,1866.67,26.02444,87.23946,30.1383,,,false,,true,true,,,,,
2026-07-21T15:50:04.391285,9729030,1858.64,100.9221,87.36722,235.9093,,,false,,true,true,,,,,
2026-07-21T15:50:05.381113,9730030,1859.31,15.60359,104.622,124.043,,,false,,true,true,,,,,
2026-07-21T15:50:06.370242,9731030,1887.02,57.01908,100.817,38.21815,,,false,,true,true,,,,,
2026-07-21T15:50:07.391491,9732030,1861.06,15.19062,86.50223,235.6418,,,false,,true,true,,,,,
2026-07-21T15:50:08.380724,9733030,1860.46,15.61609,86.22012,28.914,,,false,,true,true,,,,,
2026-07-21T15:50:09.371216,9734030,1864,71.41725,91.688,104.491,,,false,,true,true,,,,,
2026-07-21T15:50:10.391599,9735030,1860.47,16.34735,91.93851,238.385,,,false,,true,true,,,,,
2026-07-21T15:50:11.381167,9736030,1853.5,133.8599,98.19108,29.39354,,,false,,true,true,,,,,
2026-07-21T15:50:12.369822,9737030,1862.92,17.73858,96.14159,239.525,,,false,,true,true,,,,,
2026-07-21T15:50:13.390966,9738030,1862.85,16.64366,83.2482,49.31406,,,false,,true,true,,,,,
2026-07-21T15:50:14.381121,9739030,1856.78,82.88336,99.48991,37.83498,,,false,,true,true,,,,,
2026-07-21T15:50:15.370128,9740030,1859.69,15.73716,96.83396,239.5579,,,false,,true,true,,,,,
2026-07-21T15:50:16.391557,9741030,1851.79,17.90368,78.43378,36.20084,,,false,,true,true,,,,,
2026-07-21T15:50:17.381080,9742030,1851.57,64.51325,78.83447,200.7255,,,false,,true,true,,,,,
2026-07-21T15:50:18.372515,9743030,1861.78,15.60793,86.15989,88.21865,,,false,,true,true,,,,,
2026-07-21T15:50:19.391302,9744030,1850.85,80.33953,82.80601,67.20204,,,false,,true,true,,,,,
2026-07-21T15:50:20.381093,9745030,1859.91,14.59358,76.40372,238.477,,,false,,true,true,,,,,
2026-07-21T15:50:21.369706,9746030,1859.85,14.90329,106.4759,52.73169,,,false,,true,true,,,,,
2026-07-21T15:50:22.391669,9747030,1892.34,72.19949,96.88378,36.45421,,,false,,true,true,,,,,
2026-07-21T15:50:23.381035,9748030,1858.53,14.42648,92.07982,227.05,,,false,,true,true,,,,,
2026-07-21T15:50:24.370027,9749030,1857.95,49.25452,73.26941,81.14484,,,false,,true,true,,,,,
2026-07-21T15:50:25.390764,9750030,1859.16,23.81153,69.98993,238.0163,,,false,,true,true,,,,,
2026-07-21T15:50:26.381115,9751030,1861.87,19.72867,68.81563,66.15704,,,false,,true,true,,,,,
2026-07-21T15:50:27.372922,9752030,1852.99,191.0574,74.45757,66.3698,,,false,,true,true,,,,,
2026-07-21T15:50:28.390758,9753030,1864.12,16.44885,84.50377,228.8145,,,false,,true,true,,,,,
2026-07-21T15:50:29.380521,9754030,1859.31,15.84958,86.36035,37.45019,,,false,,true,true,,,,,
2026-07-21T15:50:30.369943,9755030,1852.13,58.75808,79.00648,111.5041,,,false,,true,true,,,,,
2026-07-21T15:50:31.390656,9756030,1860.82,17.14317,67.52235,244.5102,,,false,,true,true,,,,,
2026-07-21T15:50:32.379887,9757030,1860.38,63.56672,97.93136,34.91209,,,false,,true,true,,,,,
2026-07-21T15:50:33.369821,9758030,1861.07,16.79582,97.95503,243.6066,,,false,,true,true,,,,,
2026-07-21T15:50:34.391191,9759030,1862.13,16.30213,88.13557,66.07122,,,false,,true,true,,,,,
2026-07-21T15:50:35.380981,9760030,1874.26,77.34715,73.79314,67.32693,,,false,,true,true,,,,,
2026-07-21T15:50:36.369722,9761030,1862.09,14.47253,89.00874,236.6796,,,false,,true,true,,,,,
2026-07-21T15:50:37.390993,9762030,1878.93,21.75297,65.82819,38.87178,,,false,,true,true,,,,,
2026-07-21T15:50:38.380916,9763030,1882.06,82.72008,65.96051,242.6909,,,false,,true,true,,,,,
2026-07-21T15:50:39.370313,9764030,1861.01,16.14721,73.03613,175.26,,,false,,true,true,,,,,
2026-07-21T15:50:40.391707,9765030,1867.51,208.5617,99.20371,44.98886,,,false,,true,true,,,,,
2026-07-21T15:50:41.379162,9766030,1860.4,15.35881,99.65923,239.5953,,,false,,true,true,,,,,
2026-07-21T15:50:42.369255,9767030,1859.99,14.60392,100.9391,36.25544,,,false,,true,true,,,,,
2026-07-21T15:50:43.390856,9768030,1834.86,109.657,80.77068,72.33135,,,false,,true,true,,,,,
2026-07-21T15:50:44.380389,9769030,1859.32,15.57243,83.16193,239.6982,,,false,,true,true,,,,,
2026-07-21T15:50:45.370801,9770030,1858.02,128.1647,92.70587,37.39102,,,false,,true,true,,,,,
2026-07-21T15:50:46.391093,9771030,1857.26,18.14933,101.7204,240.2648,,,false,,true,true,,,,,
2026-07-21T15:50:47.380934,9772030,1862.92,16.88089,103.1104,43.90672,,,false,,true,true,,,,,
2026-07-21T15:50:48.372967,9773030,1868.62,73.71748,84.22666,66.5709,,,false,,true,true,,,,,
2026-07-21T15:50:49.390741,9774030,1864.72,16.63039,89.07329,275.8816,,,false,,true,true,,,,,
2026-07-21T15:50:50.379354,9775030,1870.13,17.46918,93.95235,38.69851,,,false,,true,true,,,,,
2026-07-21T15:50:51.371851,9776030,1849.41,63.0361,95.70231,240.234,,,false,,true,true,,,,,
2026-07-21T15:50:52.389595,9777030,1857.64,19.27942,65.88042,219.5933,,,false,,true,true,,,,,
2026-07-21T15:50:53.380952,9778030,1873.81,56.98161,74.91049,37.0572,,,false,,true,true,,,,,
2026-07-21T15:50:54.373883,9779030,1858.74,20.62842,82.29812,240.0592,,,false,,true,true,,,,,
2026-07-21T15:50:55.390637,9780030,1858.81,17.55944,97.27287,44.31059,,,false,,true,true,,,,,
2026-07-21T15:50:56.380935,9781030,1886.92,128.467,111.6462,69.59007,,,false,,true,true,,,,,
2026-07-21T15:50:57.369579,9782030,1862.37,17.69624,94.38914,201.1506,,,false,,true,true,,,,,
2026-07-21T15:50:58.390686,9783030,1869.85,74.37463,81.6347,45.08936,,,false,,true,true,,,,,
2026-07-21T15:50:59.380949,9784030,1858.93,56.81775,88.32446,241.5365,,,false,,true,true,,,,,
2026-07-21T15:51:00.369763,9785030,1856.88,18.98911,93.8997,66.65804,,,false,,true,true,,,,,
2026-07-21T15:51:01.390686,9786030,1833.63,68.98795,95.93178,43.34576,,,false,,true,true,,,,,
2026-07-21T15:51:02.379463,9787030,1857.88,19.69358,84.38587,237.8704,,,false,,true,true,,,,,
2026-07-21T15:51:03.369728,9788030,1861.04,15.5888,96.49201,34.27123,,,false,,true,true,,,,,
2026-07-21T15:51:04.391430,9789030,1839.96,113.0525,89.938,100.9675,,,false,,true,true,,,,,
2026-07-21T15:51:05.380943,9790030,1861.47,17.24582,70.67802,226.3913,,,false,,true,true,,,,,
2026-07-21T15:51:06.369173,9791030,1830.01,71.54565,75.29979,65.5877,,,false,,true,true,,,,,
2026-07-21T15:51:07.390598,9792030,1858.25,16.72457,88.41328,272.2877,,,false,,true,true,,,,,
2026-07-21T15:51:08.380836,9793030,1863,14.30893,88.24546,52.52015,,,false,,true,true,,,,,
2026-07-21T15:51:09.372603,9794030,1846.63,63.80519,85.93755,67.98206,,,false,,true,true,,,,,
2026-07-21T15:51:10.390918,9795030,1857.6,15.60319,104.8686,240.5225,,,false,,true,true,,,,,
2026-07-21T15:51:11.380879,9796030,1881.78,25.60061,94.34186,35.78967,,,false,,true,true,,,,,
2026-07-21T15:51:12.372443,9797030,1873.4,72.22858,94.55113,241.147,,,false,,true,true,,,,,
2026-07-21T15:51:13.390594,9798030,1860.12,15.19955,86.52487,236.2616,,,false,,true,true,,,,,
2026-07-21T15:51:14.380805,9799030,1866.01,60.44605,84.56201,45.39499,,,false,,true,true,,,,,
2026-07-21T15:51:15.372082,9800030,1861.98,17.22831,84.44677,240.4717,,,false,,true,true,,,,,
2026-07-21T15:51:16.390819,9801030,1859.81,17.65777,87.12579,46.07664,,,false,,true,true,,,,,
2026-07-21T15:51:17.380736,9802030,1862.89,88.85003,89.04898,65.71558,,,false,,true,true,,,,,
2026-07-21T15:51:18.369472,9803030,1863.22,15.07321,83.75163,239.5355,,,false,,true,true,,,,,
2026-07-21T15:51:19.390868,9804030,1861.66,94.09606,86.51492,39.22858,,,false,,true,true,,,,,
2026-07-21T15:51:20.380124,9805030,1863.36,15.17663,86.4538,238.7302,,,false,,true,true,,,,,
2026-07-21T15:51:21.372762,9806030,1863.77,17.03987,78.32234,53.87485,,,false,,true,true,,,,,
2026-07-21T15:51:22.389804,9807030,1835.37,82.41992,89.81524,40.25336,,,false,,true,true,,,,,
2026-07-21T15:51:23.378920,9808030,1859.14,14.50541,90.80489,196.5893,,,false,,true,true,,,,,
2026-07-21T15:51:24.371789,9809030,1853.18,20.04182,85.36301,35.4916,,,false,,true,true,,,,,
2026-07-21T15:51:25.390809,9810030,1858.91,59.08948,86.81449,237.7818,,,false,,true,true,,,,,
2026-07-21T15:51:26.380738,9811030,1861.29,18.26751,74.37299,202.8884,,,false,,true,true,,,,,
2026-07-21T15:51:27.372061,9812030,1876.36,79.45007,99.49269,36.97995,,,false,,true,true,,,,,
2026-07-21T15:51:28.390521,9813030,1860.95,14.47563,95.53005,205.216,,,false,,true,true,,,,,
2026-07-21T15:51:29.380677,9814030,1861.07,20.51994,87.82635,36.12951,,,false,,true,true,,,,,
2026-07-21T15:51:30.372189,9815030,1875.7,71.93086,94.00604,29.11884,,,false,,true,true,,,,,
2026-07-21T15:51:31.390370,9816030,1862.58,20.36455,78.04192,244.9661,,,false,,true,true,,,,,
2026-07-21T15:51:32.380891,9817030,1857.53,35.2275,89.25864,37.18819,,,false,,true,true,,,,,
2026-07-21T15:51:33.372127,9818030,1863.14,197.9479,89.35894,239.3267,,,false,,true,true,,,,,
2026-07-21T15:51:34.389875,9819030,1861.28,15.11709,99.72765,66.65949,,,false,,true,true,,,,,
2026-07-21T15:51:35.410539,9820030,1851.27,86.42841,88.4758,52.16956,,,false,,true,true,,,,,
2026-07-21T15:51:36.368982,9821030,1858.87,18.60378,77.60595,245.2374,,,false,,true,true,,,,,
2026-07-21T15:51:37.421061,9822030,1858.86,18.51227,91.27854,34.18369,,,false,,true,true,,,,,
2026-07-21T15:51:38.410557,9823030,1849.93,101.8813,98.67469,29.27447,,,false,,true,true,,,,,
2026-07-21T15:51:39.369141,9824030,1861.14,14.781,92.2658,249.3168,,,false,,true,true,,,,,
2026-07-21T15:51:40.391212,9825030,1839.06,66.19915,82.43886,34.6424,,,false,,true,true,,,,,
2026-07-21T15:51:41.379430,9826030,1865.03,14.94258,82.09963,241.9187,,,false,,true,true,,,,,
2026-07-21T15:51:42.368546,9827030,1859.08,17.0397,81.37656,40.44453,,,false,,true,true,,,,,
2026-07-21T15:51:43.391138,9828030,1866.91,73.24565,100.7619,28.30102,,,false,,true,true,,,,,
2026-07-21T15:51:44.380670,9829030,1857.62,14.68944,93.36465,216.2626,,,false,,true,true,,,,,
2026-07-21T15:51:45.372231,9830030,1872.64,25.35003,84.68562,36.77553,,,false,,true,true,,,,,
2026-07-21T15:51:46.391213,9831030,1869.37,66.09171,84.42152,239.8465,,,false,,true,true,,,,,
2026-07-21T15:51:47.380560,9832030,1859.61,15.77626,77.08639,188.55,,,false,,true,true,,,,,
2026-07-21T15:51:48.369378,9833030,1872.41,79.80147,88.24184,46.91596,,,false,,true,true,,,,,
2026-07-21T15:51:49.389920,9834030,1859.34,16.16643,93.5886,210.6804,,,false,,true,true,,,,,
2026-07-21T15:51:50.379564,9835030,1854.57,17.01977,68.91092,39.79532,,,false,,true,true,,,,,
2026-07-21T15:51:51.369378,9836030,1872.72,71.36778,80.96108,68.82027,,,false,,true,true,,,,,
2026-07-21T15:51:52.389316,9837030,1859.53,20.78122,87.23367,212.3259,,,false,,true,true,,,,,
2026-07-21T15:51:53.379209,9838030,1872.17,66.40125,88.31534,35.60637,,,false,,true,true,,,,,
2026-07-21T15:51:54.368990,9839030,1858.17,17.32149,80.7329,240.35,,,false,,true,true,,,,,
2026-07-21T15:51:55.389498,9840030,1859.36,15.19246,82.73125,66.26939,,,false,,true,true,,,,,
2026-07-21T15:51:56.381732,9841030,1892.17,101.5709,91.17589,36.81735,,,false,,true,true,,,,,
2026-07-21T15:51:57.368209,9842030,1859.03,16.26558,92.32326,239.2982,,,false,,true,true,,,,,
2026-07-21T15:51:58.390892,9843030,1860.82,19.06372,94.1411,37.61002,,,false,,true,true,,,,,
2026-07-21T15:51:59.380377,9844030,1857.26,96.42519,93.72587,214.6382,,,false,,true,true,,,,,
2026-07-21T15:52:00.369539,9845030,1860.76,17.992,75.44336,236.7734,,,false,,true,true,,,,,
2026-07-21T15:52:01.390976,9846030,1879.01,77.49149,91.27279,37.62887,,,false,,true,true,,,,,
2026-07-21T15:52:02.385233,9847030,1860.26,15.35318,81.17654,250.2163,,,false,,true,true,,,,,
2026-07-21T15:52:03.368894,9848030,1860.57,19.8538,94.69447,37.15427,,,false,,true,true,,,,,
2026-07-21T15:52:04.390991,9849030,1869.21,127.1212,78.35738,73.13438,,,false,,true,true,,,,,
2026-07-21T15:52:05.379330,9850030,1860.7,16.44883,83.34422,240.0187,,,false,,true,true,,,,,
2026-07-21T15:52:06.369311,9851030,1848.13,28.671,81.00954,65.43296,,,false,,true,true,,,,,
2026-07-21T15:52:07.390242,9852030,1858.83,70.12703,80.99001,219.2401,,,false,,true,true,,,,,
2026-07-21T15:52:08.379492,9853030,1861.8,20.54544,82.10658,91.28651,,,false,,true,true,,,,,
2026-07-21T15:52:09.369099,9854030,1851.81,118.601,77.08696,66.56691,,,false,,true,true,,,,,
2026-07-21T15:52:10.390029,9855030,1858.19,13.88157,78.0947,237.237,,,false,,true,true,,,,,
2026-07-21T15:52:11.379304,9856030,1859.38,16.83277,89.72009,38.1692,,,false,,true,true,,,,,
2026-07-21T15:52:12.369885,9857030,1862.63,56.35506,88.32027,174.9364,,,false,,true,true,,,,,
2026-07-21T15:52:13.389122,9858030,1864.51,16.63457,86.68318,211.9606,,,false,,true,true,,,,,
2026-07-21T15:52:14.381509,9859030,1859.57,63.61333,80.60478,66.27456,,,false,,true,true,,,,,
2026-07-21T15:52:15.369045,9860030,1858.83,18.99874,80.28595,225.6922,,,false,,true,true,,,,,
2026-07-21T15:52:16.359145,9861030,1859.94,19.03524,94.53763,41.57099,,,false,,true,true,,,,,
2026-07-21T15:52:17.380486,9862030,1869.79,66.54308,99.90615,29.46241,,,false,,true,true,,,,,
2026-07-21T15:52:18.369130,9863030,1859.9,17.80857,84.03881,213.1903,,,false,,true,true,,,,,
2026-07-21T15:52:19.419981,9864030,1878.71,22.79877,100.6096,34.71056,,,false,,true,true,,,,,
2026-07-21T15:52:20.380394,9865030,1872.72,90.09509,107.8705,185.661,,,false,,true,true,,,,,
2026-07-21T15:52:21.368855,9866030,1863.38,16.17018,86.86906,220.1652,,,false,,true,true,,,,,
2026-07-21T15:52:22.392365,9867030,1872.39,97.54955,79.68015,42.57795,,,false,,true,true,,,,,
2026-07-21T15:52:23.378625,9868030,1864.02,17.83088,87.74055,245.2438,,,false,,true,true,,,,,
2026-07-21T15:52:24.368327,9869030,1863.01,18.88387,74.84753,36.65392,,,false,,true,true,,,,,
2026-07-21T15:52:25.390204,9870030,1847.17,96.54834,68.93675,29.77531,,,false,,true,true,,,,,
2026-07-21T15:52:26.379241,9871030,1863.59,17.47215,73.63712,238.3663,,,false,,true,true,,,,,
2026-07-21T15:52:27.369016,9872030,1861.08,80.16777,74.51392,38.98869,,,false,,true,true,,,,,
2026-07-21T15:52:28.358538,9873030,1859.8,21.21704,76.74788,232.0926,,,false,,true,true,,,,,
2026-07-21T15:52:29.409466,9874030,1860.32,16.58898,68.91035,47.20061,,,false,,true,true,,,,,
2026-07-21T15:52:30.370470,9875030,1850.71,59.20778,78.76348,67.24945,,,false,,true,true,,,,,
2026-07-21T15:52:31.361412,9876030,1860.48,15.88108,70.437,238.4176,,,false,,true,true,,,,,
2026-07-21T15:52:32.378348,9877030,1859.5,17.04841,75.22507,37.0208,,,false,,true,true,,,,,
2026-07-21T15:52:33.368687,9878030,1868.79,67.37093,88.02544,76.32072,,,false,,true,true,,,,,
2026-07-21T15:52:34.389640,9879030,1863.65,17.45923,83.41642,229.8444,,,false,,true,true,,,,,
2026-07-21T15:52:35.380407,9880030,1891.49,158.1052,61.75395,38.32329,,,false,,true,true,,,,,
