session,subject,dur_s,dc,dropped,clip_pct,n_burst,period_ms,duty_pct,ppb,prate_hz,n_pulse,marker,lat_ms,mw_lo,mw_hi,sta_ratio,sign_cons,spike_clip,drop_bias,warn,n_block,gate,gate_ok,R_med,art_rho,art_pct_min,art_q1q4,mw_rho,mw_pct_min,mw_q1q4,R_rho,R_pct_min,R_q1q4,verdict
20260716_223030,0583,247.4,1857.0,0,0.002829426030719483,139,1614.0,31.964834276475347,20.0,31.94888178913738,2720,,3.0,3.0,6.0,0.9541087293350776,0.782560706401766,0.07352941176470588,-0.19830795262267345,극성 소수파 22% 버림 (초반편중 -20% — R 시작점 편향),12,,True,0.481774102289366,-0.6503496503496503,-8.6417074106947,-26.67663155981208,-0.5874125874125874,-16.43208762660435,-39.127209385434384,-0.2097902097902098,-10.311736522844864,-16.206181521917216,"R 해석보류 — 대조군 불안정 (art ρ=-0.65, Q1→Q4 -27%)"
20260717_013937,7826,21.1,1861.0,0,0.0,12,1612.0,29.270142180094787,16.5,26.96078431372549,186,,,,,,0.6344086021505376,0.0,0.4029411764705882,극성 소수파 37% 버림 (초반편중 +40% — R 시작점 편향),0,다수파 시행 118개(<200),False,,,,,,,,,,,분석불가 — 다수파 시행 118개(<200)
20260717_021109,7826,353.7,1859.0,0,0.0,223,1612.0,38.4959004806333,20.0,31.94888178913738,4387,,7.0,5.0,13.0,0.7901837972433797,0.9528151356279918,0.0,-0.04057971014492756,극성 소수파 5% 버림,17,,True,0.47368014248016516,-0.42892156862745096,-3.455101436869222,-8.742942736023329,-0.4632352941176471,-2.5138765405944334,-11.083863810188433,0.11764705882352941,0.9460915184514286,-1.2751558334099022,추세없음 — R -1%
20260717_023422,7826,232.4,1866.0,0,0.0,166,1611.0,37.38855421686747,19.0,30.99510603588907,2648,mediumx1,11.0,9.0,16.0,0.9998368062992768,0.7590634441087614,0.0,-0.18275862068965518,극성 소수파 24% 버림 (초반편중 -18% — R 시작점 편향),12,,True,0.48055106993381547,-0.6783216783216783,-10.591834207080865,-24.092725153987004,-0.8111888111888111,-12.167623427711673,-31.575215460586747,-0.5104895104895105,-2.9575991819338348,-6.8208156340873405,"R 해석보류 — 대조군 불안정 (art ρ=-0.68, Q1→Q4 -24%)"
20260717_033307,0998,297.7,1859.0,100,0.22304333221363787,186,1622.0,37.061807188444746,19.0,30.944625407166125,3673,rest_endx1,5.0,4.0,8.0,0.9999385765648415,0.6904437789273075,13.612850530901172,-0.029375549692172404,극성 소수파 31% 버림,0,대조군 포화 14%,False,,,,,,,,,,,분석불가 — 대조군 포화 14%
20260717_042118,0998,595.7,1862.0,0,0.29461138156790334,473,1616.0,38.44955514520732,19.0,30.99510603588907,7356,"rest_endx1,mediumx1,hardx1",3.0,3.0,6.0,0.9999840495642872,1.0,23.858075040783035,0.0,,0,대조군 포화 24%,False,,,,,,,,,,,분석불가 — 대조군 포화 24%
20260717_134134,0998,252.1,1865.0,0,0.0015866719555731853,160,1619.0,31.66322887742959,20.0,32.467532467532465,3045,rest_endx1,11.0,10.0,15.0,0.9968987712112347,0.9753694581280788,0.13136288998357964,0.10666666666666663,극성 소수파 2% 버림 (초반편중 +11% — R 시작점 편향),12,,True,0.41500773967980853,0.3916083916083916,2.0265480587703997,14.264669929676943,0.48951048951048953,42.20882249858253,122.34659094764125,0.5314685314685315,39.75066677351652,100.04159382023268,"R 해석보류 — 대조군 불안정 (art ρ=+0.39, Q1→Q4 +14%)"
20260717_135747,0998,17.1,1861.0,0,0.0,9,1620.0,29.760233918128655,20.0,32.05128205128205,163,rest_endx1,,,,,0.8220858895705522,0.0,-0.027586206896551724,극성 소수파 18% 버림,0,다수파 시행 134개(<200),False,,,,,,,,,,,분석불가 — 다수파 시행 134개(<200)
20260717_135910,0998,16.9,1859.0,0,0.0,10,1620.0,36.30177514792899,19.0,30.944625407166125,200,rest_endx1,,,,,0.645,0.0,0.06760563380281687,극성 소수파 36% 버림,0,다수파 시행 129개(<200),False,,,,,,,,,,,분석불가 — 다수파 시행 129개(<200)
20260717_140152,7826,139.5,1860.0,0,0.0,1,,1.5168458781362006,65.0,30.718336483931946,699,rest_endx1,5.0,3.0,9.0,0.9188118811881187,0.9899713467048711,0.0,-0.2,극성 소수파 1% 버림 (초반편중 -20% — R 시작점 편향),0,버스트 1개(<8); 버스트당 펄스 65,False,,,,,,,,,,,분석불가 — 버스트 1개(<8); 버스트당 펄스 65
20260717_141940,0583,899.7,1866.0,0,0.0,653,1617.0,32.9403134378126,17.0,27.77777777777778,10279,rest_endx1,4.0,3.0,6.0,0.9998916659400356,0.9189609884229983,0.0,0.06170468187274908,극성 소수파 8% 버림,44,,True,0.25784253294865334,0.25637773079633547,0.26249671171305783,0.5118067697498674,-0.6731501057082453,-3.296349188329406,-45.38107851100761,-0.7010570824524313,-3.516600415603833,-45.17308842426353,피로 후보 — 대조군 평평 + R -45%
20260717_144215,0583,902.1,1867.0,0,0.0,579,1619.0,37.94601485422902,19.0,30.74433656957929,11027,rest_endx1,22.0,22.0,23.0,0.5757011471333134,0.8457142857142858,0.0,0.17448559670781894,극성 소수파 15% 버림 (초반편중 +17% — R 시작점 편향),45,,True,0.6271197339653494,-0.6281949934123847,-1.6967881795688422,-14.761467991640343,-0.1702239789196311,-0.4868404415198986,-6.583237895786064,0.41172595520421607,1.3162670023230791,17.2414413705541,"R 해석보류 — 대조군 불안정 (art ρ=-0.63, Q1→Q4 -15%)"
20260717_151419,0583,130.8,1866.0,0,0.016055045871559634,81,1619.0,37.01605504587156,11.0,18.151815181518153,898,rest_endx1,5.0,3.0,7.0,0.9990203688560316,1.0,2.338530066815145,0.0,,0,버스트당 펄스 11; 펄스율 18.2Hz,False,,,,,,,,,,,분석불가 — 버스트당 펄스 11; 펄스율 18.2Hz
20260717_152153,0583,766.0,1863.0,0,0.0,515,1619.0,34.71906005221932,18.0,29.605263157894736,8582,rest_endx1,8.0,6.0,11.0,0.9778099043597615,0.6602190631554417,0.0,-0.0813443072702332,극성 소수파 34% 버림,38,,True,0.5369280008783941,0.5697559908086224,3.0838126042769827,31.8070793217855,-0.08348834664624138,-0.4456162472906348,-6.141995016700308,-0.48615822300032824,-2.6890986709704188,-29.987292622225226,"R 해석보류 — 대조군 불안정 (art ρ=+0.57, Q1→Q4 +32%)"
20260717_153854,7826,19.8,1861.0,0,0.03535353535353535,9,1614.5,20.84848484848485,8.0,14.492753623188404,97,rest_endx1,,,,,0.7368421052631579,2.0618556701030926,0.12,극성 소수파 26% 버림 (초반편중 +12% — R 시작점 편향),0,버스트당 펄스 8; 펄스율 14.5Hz; 다수파 시행 70개(<200),False,,,,,,,,,,,분석불가 — 버스트당 펄스 8; 펄스율 14.5Hz; 다수파 시행 70개(<200)
20260717_154641,7826,442.6,1862.0,0,0.5777225485765929,274,1619.0,37.377541798463625,19.0,30.89430894308943,5470,rest_endx1,4.0,3.0,8.0,0.9994524638927728,0.9678186140062168,46.70932358318099,0.04999999999999999,극성 소수파 3% 버림,0,대조군 포화 47%,False,,,,,,,,,,,분석불가 — 대조군 포화 47%
20260717_160639,0583,738.0,1862.0,0,0.0,457,1619.0,38.55907859078591,20.0,31.84713375796178,9118,rest_endx1,9.0,6.0,12.0,0.9898838688850458,0.8713251426064064,0.0,0.05831202046035805,극성 소수파 13% 버림,36,,True,0.6722461221870959,0.5433719433719434,0.5021737064322682,3.695085513927343,-0.6759330759330759,-1.6579036437132126,-9.864882215422666,-0.6831402831402832,-2.1275531659543967,-12.491790979567263,"R 해석보류 — 대조군 불안정 (art ρ=+0.54, Q1→Q4 +4%)"
